,0,1,2,3,4,5,6,7
0,0.18638768341055234,0.07254191676350552,0.5083953071596649,0.24875122742917144,0.4530662803897034,0.9728112663358279,0.5872815503022355,0.7951879352284615
1,0.7577589938271417,0.18967593764042912,0.7552635781179843,0.9137668869849829,0.8434318506147814,0.17606209443319343,0.3597342269303764,0.1749442249595985
2,0.8002662580611528,0.5375493834320575,0.5359738145279063,0.4122809413370174,0.7017285444474134,0.9237866371673603,0.1625261118414838,0.22683151374073895
3,0.953312035844946,0.520340460801969,0.9969485244352029,0.7536509407878051,0.1050317347445544,0.9308798595742394,0.12620029638020192,0.5691549425043849
4,0.5355347554974376,0.505251681563544,0.4818639236006943,0.356323424810322,0.6194526936762277,0.15749041803396213,0.013271919882530958,0.50883913173412
5,0.20584242396162644,0.4333229468936618,0.40833420438929247,0.1944055573227288,0.49676934546668605,0.2917148862428294,0.38436313952362566,0.9791796877925706
6,0.04199866124886187,0.8229301545961547,0.7107138823254749,0.5104177145532193,0.461543608338731,0.6580163620210965,0.6544763335948415,0.9056662861197653
7,0.255644648650336,0.37156132482062854,0.5849096194918385,0.32306030603663394,0.3056047498350948,0.9428901710944929,0.33102163653469574,0.25068115894581755
8,0.5039486274509558,0.4138374283461036,0.5376946205633037,0.6205137856172603,0.21683395642799164,0.7967131480308185,0.16460432704307593,0.23251258012118725
9,0.49387678542849756,0.4421321265312894,0.113221663486065,0.9615113471635752,0.751319580823185,0.6715021085301249,0.3123938428101626,0.43672700341043713
10,0.4413344979488001,0.4331041911129464,0.3165553145098783,0.7183787081600391,0.8580557822333321,0.12350298874736454,0.8536694389837227,0.0250094642606028
11,0.9849898893440707,0.9861867339944749,0.6903889112952358,0.3889986406287972,0.6753986809299273,0.6252391648013914,0.0999101193968005,0.9382297482968823
12,0.5865001103240582,0.043086633455906576,0.36757452686866743,0.4354190038950282,0.5831731596889685,0.32949337432663217,0.5020738493909335,0.8671151597076053
13,0.8990889949959046,0.453734768700675,0.958460274721158,0.7448879649647061,0.7207342916945728,0.010082374563449736,0.8455086739419011,0.8948180504289153
14,0.06953897321300007,0.14124925003093425,0.27001921476854207,0.13216805089977557,0.03624878490902739,0.769813920552411,0.7168575040310071,0.27575371765305245
15,0.4992798362502303,0.46459869903747275,0.7200047767888,0.44266198804111256,0.881663586178503,0.11183692618292196,0.7627851204542347,0.3683806426766445
16,0.6801046301149782,0.44363512023779794,0.8087681931081422,0.6730331161889898,0.1931014775004699,0.5321626641850133,0.49948226522305095,0.9996472098676255
17,0.6790609171973918,0.2913701300277963,0.22648883134376518,0.9225160106081993,0.4733494807474995,0.32883287179993126,0.23201657102873396,0.6202391164032276
18,0.24501583925923676,0.47680835337094674,0.4025927208824641,0.1262897984042426,0.8898996581903982,0.9174240188140245,0.566498638132918,0.6894412656176199
19,0.7916769876694283,0.6902757143394637,0.15705107976787225,0.8496527057294081,0.3214823805105421,0.6901862767066966,0.17179155690590542,0.6141939670757954
20,0.8707639714799807,0.07940372964364195,0.8463933960379354,0.23053581620770758,0.7770560215820791,0.7997117762821488,0.15745785880827357,0.1226982595874807
21,0.06753765787471844,0.4161311545813573,0.22991434773773411,0.591623330137229,0.17740859240193718,0.35264693213573184,0.8918804652547827,0.7708147438666894
22,0.5850598539845514,0.7487163201533491,0.45212429395956466,0.7737496629254424,0.9405722555979996,0.5856443035148869,0.5369326977381758,0.14022307862656092
23,0.06799913840895622,0.0072843890694026525,0.7449139338574771,0.4406088118825999,0.7968074208926802,0.48459806079278267,0.3096117426714783,0.624084928596978
24,0.7830776713451235,0.8003979405060229,0.47630729894534063,0.752197468495001,0.04631811650839901,0.36790129847151387,0.5865743262033843,0.5703674003790455
25,0.4186896563991219,0.12464565192536547,0.17211897504836993,0.15046450140198442,0.2811353123290987,0.8774914143040502,0.5579937455230133,0.06875047156491032
26,0.7465109101178966,0.8984196177061718,0.633030673898886,0.6511110776400982,0.7417523547395519,0.6915199770583649,0.23417143092093884,0.7687476547990851
27,0.5794322988930123,0.18124428943183035,0.20894961980285498,0.9060224439954411,0.1448697680634401,0.2142991826126216,0.5369038101109145,0.7214398797111685
28,0.8678623527841522,0.08379589331230253,0.1456006590754061,0.681613655492012,0.325127650962555,0.7766199898212934,0.3591025535405804,0.6335614281518909
29,0.7277764487377251,0.9669374354253876,0.15446269024967085,0.786728877904374,0.9913657816537268,0.522344691614874,0.35798435807921436,0.8797525971126631
30,0.7522695795918793,0.0778639484629976,0.19536817730230027,0.4949226933744372,0.7668003837949249,0.22405673615650645,0.826644901234985,0.7366129311333747
31,0.39083126834587,0.6207828076809759,0.10282283664559111,0.6459726439489566,0.28546563772199895,0.7836765332802633,0.32317130710171826,0.4790116916314613
32,0.43725900945376006,0.6781703709181157,0.14038697263244693,0.17380505395963297,0.9410990857110912,0.007121302253962569,0.49366885623015233,0.8394129824530072
33,0.904252695398043,0.5345661972058433,0.1935900375237618,0.6147631595489818,0.6857130195625984,0.5336055348665536,0.31904653217563406,0.20108858684400344
34,0.7183238936812569,0.17290234697600315,0.9021710679727385,0.15635740138261633,0.1026032534448309,0.7741987931075653,0.6730726776744781,0.23674591740716278
35,0.9601195205723555,0.7812442726119093,0.06603295075329751,0.2675908981366424,0.4816815806941003,0.5171107206251113,0.8475602753687714,0.08067579863542729
36,0.2244782645998834,0.07890110224279079,0.07437777721762273,0.16425776377477153,0.29149322722322835,0.9660954504112178,0.3369792724556836,0.2977561741428886
37,0.7203239304118736,0.5418147799236575,0.06340205240630703,0.5254561914956092,0.9816400123207976,0.9441474830520187,0.440220340467395,0.8920719163205362
38,0.090717177200763,0.5766905948770352,0.30112607220094467,0.39722882115019287,0.5330714110067448,0.2956259154623917,0.4346245080243739,0.9639520045928304
39,0.13091946128246434,0.15861029748217248,0.8551821571404831,0.6515799590121364,0.9503843133549992,0.6495131194064583,0.2554723134417993,0.8012433021494254
40,0.7528534292427879,0.5362417404998197,0.4609683043283084,0.20608908556519823,0.42984803972784924,0.9425501046630674,0.8774327134864451,0.8794482568910623
41,0.8562347783444964,0.3212533977177432,0.2292675121319384,0.19768117156036824,0.0036697147280324582,0.055132934093441666,0.45300987813422566,0.18273597995224866
42,0.48063834135921446,0.8502032814339326,0.7845336210930596,0.8261668066198322,0.8275138919629347,0.6300574648127679,0.4282425785295193,0.6387390570904906
43,0.6889565767986814,0.6545331550012576,0.3084662418541899,0.995398992798767,0.6906178035828348,0.937946787978893,0.9293479798187605,0.6100149228963705
44,0.36145818460792634,0.543771695975868,0.04254282688300337,0.933249229917701,0.03458290611366255,0.9534425576902921,0.44585456875489304,0.19172295096129577
45,0.09383421140952353,0.2852405279033309,0.43313674971093963,0.2586727103083546,0.2279189868848409,0.5953688314093665,0.12342720626616366,0.7263527877211354
46,0.28358644583335624,0.24659350766996546,0.4327271541415435,0.4864628786816586,0.35888037034215714,0.15821941949981144,0.023737189601368613,0.6911451774713471
47,0.28130195875999153,0.1391598569398349,0.9482470306833783,0.5113219130490236,0.4417419417615527,0.45024346644081625,0.7767681976027652,0.4557550479069876
48,0.8739887455186175,0.4063028896739196,0.048639898019322114,0.9606297399927076,0.21583169127680912,0.33528002689684777,0.5361715510266989,0.7067798420310958
49,0.971224249350253,0.8734249669824283,0.022991397853281526,0.13833426536167148,0.6437056950838111,0.39996268710825933,0.6434567887593823,0.2815071017828168
50,0.0739094715835027,0.7998161633521177,0.5632080409127825,0.05907490222214906,0.8786370730529346,0.5842465718701315,0.0478033893500972,0.1113423115490425
51,0.5203260879733252,0.1630597165360964,0.7142721191334843,0.8447284212219351,0.24099685908487778,0.3668023722022359,0.8809238221963892,0.47347448955401406
52,0.07328093336121055,0.9879529405515184,0.29278088095108556,0.8566305618001406,0.5964117914896165,0.8695563085970746,0.9632935130784397,0.033211870860324066
53,0.5583063585484022,0.9426905932062197,0.12980124383898617,0.29472157501102314,0.2992630464911774,0.9475885230440932,0.6725543817709206,0.1762037914054666
54,0.06741323619976192,0.8461484796547778,0.29965557723499825,0.9105550087444461,0.26648292498728854,0.8807490394835094,0.8139110228205393,0.6245601518746433
55,0.3120433160204641,0.1231523806266106,0.12249281545572133,0.6765333796593355,0.9979123795711368,0.5200646701146542,0.39165506198248723,0.6333599666720681
56,0.26136951235421146,0.09186880514349693,0.2532763746031126,0.43203123965539414,0.8023731892601556,0.23934214851994262,0.1835223300399481,0.5137732468616353
57,0.48370283925081103,0.7433890796952908,0.30750762092221073,0.9718673287364208,0.8249059490837376,0.536061506627136,0.9486605085462073,0.29261607119844424
58,0.6268228047884966,0.67480900392969,0.5284777035823128,0.22306590512787683,0.17117471229601922,0.7690124256753522,0.012412559913335008,0.11478435947223709
59,0.2857272265153069,0.19793310887748616,0.994287150305152,0.09223139645574785,0.5741671432627533,0.4448703518877889,0.3948528474987364,0.11862134384165235
60,0.09361813654455897,0.9605732128478653,0.7151693091964066,0.6921195128189872,0.6655939934118946,0.7432438869631673,0.022556726563055074,0.7187504277254105
61,0.6785103632626222,0.12442651253679071,0.6392189339655765,0.47890371258421416,0.3300174627382968,0.20626826578726454,0.8997419419689273,0.024537280643867843
62,0.1807802110525235,0.4536965046224696,0.8315741507271723,0.6132370220327118,0.5164463826674883,0.6142492568977849,0.7160948929130198,0.803151942923276
63,0.9007785288119725,0.4121438155273799,0.22431912926122566,0.6498709103640926,0.8054524223921674,0.7683109518706578,0.8459626627646307,0.20370816544537163
64,0.2921733493325783,0.8331269033465434,0.2379593862660071,0.255618363518496,0.15706697482981258,0.8363685752524451,0.19835267270121237,0.7670799879259709
65,0.45244575437170254,0.34261095944455155,0.16987097143568897,0.68087562109384,0.9761661543106297,0.1309401265020217,0.4707104831894059,0.8044991494863971
66,0.9068701444127575,0.0508587498228501,0.5609965107564069,0.014121916690056802,0.7107316458693516,0.6844456097354991,0.916356502528519,0.7155471605568928
67,0.37514778564656515,0.47319547404731077,0.5033146754720085,0.04220375268179766,0.8600373875905991,0.2624552848233125,0.35068969908247904,0.09119994312577206
68,0.9415313273024842,0.9015816250818628,0.34242225172687335,0.7463675361560796,0.2745975042547736,0.7783365939475894,0.6348310271176598,0.8058645190723557
69,0.4207900722207948,0.46519921206276005,0.5028728276332536,0.04397185375352153,0.24083878808558212,0.6672086194038622,0.5326900542210109,0.9794124130519254
70,0.577446776699739,0.8456080729501189,0.338783402202136,0.8152797738262767,0.648277101794273,0.4462771341274029,0.5308354459385803,0.40527405319882903
71,0.780255657950261,0.4477007847883422,0.25961002251577026,0.7962246058673105,0.6478315431368639,0.8293227155939566,0.3140794317628357,0.09138038181818742
72,0.9378859611434021,0.2725865204372957,0.7599959921057755,0.1599251578741282,0.06498509052055546,0.018077325781462816,0.31406095270694656,0.2973763506233268
73,0.8093394941337931,0.9047618173765845,0.12997424342196506,0.8836782581772082,0.005522356466166389,0.9684669642073908,0.5960217175506125,0.8691347993964809
74,0.5864287867749716,0.8667649279414255,0.09891238750027476,0.7261561445629487,0.7685966188300557,0.9076441179435233,0.28803481128858366,0.7970847345124901
75,0.8420211383148849,0.700735020592323,0.2269803792044709,0.5210214543966823,0.8192348771190305,0.10934662103538417,0.11026631711265356,0.03267322243867776
76,0.9859017895669571,0.9620702294238804,0.11487879326238382,0.5220356354032482,0.40398214839890123,0.16770081869794418,0.19152356573999074,0.5058883688133634
77,0.9272655274659919,0.0687288216986689,0.5116776456795988,0.3509340190430994,0.6069120473563855,0.13665178800967592,0.7094443641009621,0.5038020097116427
78,0.32200883475273157,0.07838427928481617,0.1240480429730706,0.6941914372541641,0.39756733474096695,0.407487529524707,0.7332183269726885,0.9316341313735048
79,0.5085121251116125,0.9764564513548071,0.45324505643085744,0.5847899989938485,0.8275700953956037,0.5790696675233467,0.19298764678920666,0.2410259579146703
80,0.09672814573626654,0.16738378729351466,0.6616434194441023,0.9273023433227127,0.2678037239223813,0.45487799640596893,0.3946868652446742,0.8010427887418957
81,0.42673875754025403,0.7505065395883125,0.20263046600242984,0.864966043363939,0.4950380058214162,0.7149237517770071,0.7124590463818224,0.9044727938146746
82,0.31576554791923084,0.27216161515508686,0.11999028231912312,0.3567423465526799,0.9443278154496041,0.8794651910191329,0.33646777661196636,0.13627468188240277
83,0.5500834508721998,0.896640799327533,0.6252262105008567,0.7302468860477298,0.8625211883072293,0.11642870233886982,0.5401295759701421,0.2534485004028252
84,0.4348247896044328,0.22528260124648458,0.20867804428933012,0.6478195650360133,0.4336973528222189,0.90254824664126,0.7132377634610204,0.17389857405069387
85,0.8022969477596157,0.6737295465822113,0.37699548799278826,0.4779649540296874,0.2895129318803328,0.3612731982711259,0.1448448577406587,0.41882126308547274
86,0.539170042782383,0.46334224388567347,0.5973848266915236,0.8548772582167337,0.6434330356081613,0.940814290568259,0.7222605371151556,0.6723714843765619
87,0.7149056397143843,0.04245980424222984,0.6644983862853229,0.39189513019881117,0.24968112610509574,0.654561194832231,0.7754979146977984,0.5624443906660146
88,0.937879203102068,0.28418291767779813,0.2945443554260677,0.40362910184986045,0.03744724409673228,0.8116921685372778,0.9155080415860761,0.8725097137301199
89,0.17863764740905064,0.6355697612200027,0.14573548724684582,0.22628031836269824,0.681371932881764,0.003132366786058216,0.14929742247022526,0.4108232639534243
90,0.09138506647522138,0.27175969826835733,0.4230689937955179,0.026133144305264255,0.42821940653438806,0.1465572753053016,0.2706139058490382,0.8123269696706155
91,0.10307687613694161,0.06446320006370643,0.8851427104495384,0.18756577525336027,0.8439265934765663,0.7222216700822129,0.12249697583230534,0.8419446580377123
92,0.8873273382895844,0.3829739710967006,0.210446477841151,0.20048049653300337,0.25841939603167907,0.5102714162604968,0.17342453286030068,0.031150356135765445
93,0.17520203277099422,0.5561880411813056,0.8083580063146268,0.7022267937259983,0.2896083613041467,0.5264809252379136,0.8285070350691692,0.07574402729872143
94,0.04511798423436153,0.7457279767184802,0.7155971520108451,0.029462117971294943,0.11828981716828135,0.665672144347334,0.09615468771562874,0.5295282423173344
95,0.7575006230104939,0.02147932245721662,0.48454892202082656,0.10595987003401042,0.27533391957784314,0.05611604004178439,0.4835264048709125,0.8728662432066302
96,0.004421254429070487,0.18204892858156485,0.2943129833310375,0.4631631265318036,0.40310207002025245,0.5924076282159478,0.16035185209675828,0.8283329422530309
97,0.13177116644596387,0.4287285978262856,0.8091667329597443,0.10926907952940368,0.07103805100001748,0.46779705108185254,0.2611706213549243,0.743765850845166
98,0.849151667828992,0.8897931156775647,0.3388057288769546,0.6931471132661028,0.3218998423413363,0.13973629119564823,0.9092978057683817,0.0573664814128938
99,0.12862786186312702,0.024666217771046717,0.8730327705684177,0.4780009301933925,0.7597601721951549,0.5636404546308369,0.43602874441945605,0.5578323293686429
100,0.3382015758654351,0.769484956611779,0.2831222815912522,0.7026876308820514,0.9364416986168386,0.46700645405735286,0.4293575622435686,0.8447146352545355
101,0.2750382210198761,0.7805269566810051,0.20128223860252736,0.3588645047521958,0.6338237403504293,0.9058112337779333,0.38803482995626015,0.9745012962033266
102,0.8370606240084463,0.14770591523987575,0.1731829566875539,0.9009527845802898,0.36914840194079335,0.7082231109184691,0.4185839854150062,0.8959036839564799
103,0.680921915330115,0.44662596945703614,0.17519250988192248,0.514387746526274,0.5537644829563354,0.42284796166125205,0.3775095800482726,0.9674282560650861
104,0.9786218056203297,0.723298700407462,0.38957723812085077,0.6889972169149408,0.9971725722796241,0.7391039812428355,0.975574577237324,0.6082471571036776
105,0.8666848754502945,0.6306833548945044,0.9943453453056698,0.7603038195964607,0.8646103329794548,0.8096460925667475,0.30325814333145396,0.3326018709622768
106,0.8072357318586947,0.9724450608632387,0.23037092867001907,0.0599371695074693,0.7359605207079732,0.5381386687608549,0.14267316942455033,0.8416136254742768
107,0.13504824283173045,0.6985666983969167,0.5802576572577133,0.16215829182423092,0.13777025847521762,0.9043133073391127,0.2531149991081133,0.3068189797816324
108,0.8183571878823109,0.021881396636213912,0.5068322854947979,0.4258063402457801,0.0018429566435606004,0.008133621169779448,0.8322655639523984,0.4360375923773988
109,0.798404050739164,0.47114659716267093,0.9269668903978799,0.9586784418966814,0.5020975880160189,0.8112444387991629,0.11112903711264188,0.6704168390467456
110,0.399828198127414,0.1036083523220741,0.8516510247459841,0.5380072589932499,0.17375969287760917,0.8526389008837157,0.42811639575793203,0.9644393689613977
111,0.830592314830046,0.46574922085353454,0.47652419024795833,0.44413548662728153,0.8921893598673482,0.5870712868710772,0.2876956366876715,0.8715354597930687
112,0.828650251514751,0.3223673772528849,0.5352819029103023,0.12662749050146682,0.3653256903696043,0.6298338441007341,0.47060709391979005,0.5505700156791077
113,0.8878609634716638,0.561561036346669,0.1593045672541532,0.6881029819331507,0.42031720907020087,0.7434938801604583,0.06458562772068477,0.9342378420244871
114,0.1605392127003491,0.8235967745235676,0.518502157775195,0.1641303826529552,0.7643574214615573,0.510199752418349,0.1638603100008491,0.9044813999950596
115,0.9563014507053443,0.8884584050508834,0.8565942998514919,0.4408265763484642,0.5405377954956015,0.611366911091101,0.2632345932889947,0.34393774945685085
116,0.27472485956080495,0.6523582824230713,0.23830036270178145,0.600278830491911,0.5067562245726527,0.8754934053030637,0.23480666251916382,0.10362292429233488
117,0.16288874228845263,0.31194082882147534,0.3963183135814524,0.46947780909578063,0.9846419213377751,0.19797208376741626,0.37261689777516127,0.6281921533401121
118,0.45092476342348264,0.6809842870569156,0.21949244866368878,0.9194915947308034,0.4139315714549727,0.011324467904387459,0.5182143969473737,0.052666669455200155
119,0.9477810560401465,0.8653149581476057,0.12371232091748596,0.6395775057396094,0.28095465981111045,0.1436885086494215,0.10599405672534845,0.006976265798520398
120,0.5683435647361935,0.8030371610011201,0.22143841888720295,0.7565309355001004,0.7631788266298645,0.33129611856202157,0.6624766335034442,0.19041144454512648
121,0.5110046584655594,0.4992390625108031,0.9896356285415098,0.3466844912470508,0.4507237095139168,0.6642071289574071,0.5630573878372694,0.09179504252273929
122,0.5457817949144442,0.38863960445812806,0.9398651680369274,0.39194612512886373,0.6518809544616683,0.5729739648273927,0.41087708282372626,0.2727404503732257
123,0.06293009889021095,0.3348091756218139,0.621535415025565,0.86525215927742,0.39344321164789886,0.034210217717074776,0.1742929851794991,0.21133183301656067
124,0.8551148473168471,0.6786479739260515,0.5957156618425491,0.7312280335077963,0.7446778155080389,0.34986779114367583,0.3312676454998448,0.1578292215679512
125,0.9709317229803573,0.0835932026317785,0.9325726081946193,0.45178491331780146,0.9521992389771449,0.6287700292259454,0.18126027923722488,0.9759383430286847
126,0.7597229870702763,0.795072313582649,0.287531059380037,0.11615031607723314,0.02947919451620118,0.7102494778799701,0.6181065064154153,0.21135079023653358
127,0.37612346157426857,0.17834069257711593,0.5688870366789267,0.7548720296878083,0.1471247852614841,0.13905416513939672,0.6645143020593834,0.1768059605174941
128,0.1997442446779557,0.4895260960760507,0.015499119913176651,0.5549668807932497,0.9383004913022712,0.20818711682679303,0.8769665538441861,0.8423453239772127
129,0.6817322482049777,0.08258581164434686,0.8428343146806127,0.7517197429105108,0.1284037793216818,0.9205105344458402,0.5859006069286016,0.7589744634818119
130,0.2868365571177449,0.9643258997394766,0.823259783202091,0.8193901632776681,0.3664288894247216,0.7078486924324947,0.6736980127097526,0.09815703488305738
131,0.2665359910997527,0.4516630552505668,0.6355632228324125,0.7209863792663995,0.25071123671549767,0.34977824250244627,0.0028978367165237717,0.3333598520424086
132,0.7957173939845941,0.44249922137417264,0.7954851356769961,0.2432380401865325,0.9134329061676207,0.3236901852776758,0.23170079004016975,0.9491384703767151
133,0.347434843458422,0.59469538700573,0.4534794575252231,0.699142808292039,0.6807907580704972,0.7140010264522507,0.6468769225196777,0.08220924699185084
134,0.7496202173378018,0.15739771487602328,0.13179557100005201,0.004775220406522673,0.05441877825505592,0.05923540680323369,0.06415529649391694,0.04670248347904682
135,0.8031782377146603,0.29144090892284513,0.3146860478080752,0.20947029663064298,0.5638469311115788,0.1297180226800636,0.8134418257117177,0.4897871299941594
136,0.8959127003185003,0.5940869172917981,0.37795031449851024,0.09958530771052443,0.46815359379639965,0.04984645913963359,0.27044301437519325,0.7345311208824692
137,0.6703691112156267,0.07304403601023512,0.22952168805010376,0.5677735632520384,0.9790670083127284,0.3786396480138492,0.1786824836442651,0.519267066108567
138,0.3680928379438948,0.33966282578837126,0.6421585205685079,0.19600490541210092,0.2899106102804614,0.2777463218222197,0.6601868223612978,0.15023681492496788
139,0.35554415372428605,0.7970828913715671,0.7364523440745768,0.2707485782476494,0.5890471488502574,0.10424744871910796,0.9346151615763127,0.2621203290240479
140,0.4981067690006611,0.9972590654933783,0.8049465062260974,0.4769802911438231,0.387274411175193,0.21003637401235942,0.9518749000454215,0.08893176003023817
141,0.1781417846981721,0.07837101665605684,0.2946233534526017,0.5229536036102399,0.3082355775701643,0.5329143281847287,0.6808435248790337,0.2840852808114248
142,0.49019807297848716,0.6394178839888685,0.32859100216762993,0.6110013945047125,0.7762024401971095,0.0035130448242424173,0.8230834324517597,0.409848954238081
143,0.7373841882032538,0.9269279277639229,0.7204283198815131,0.5380657273506761,0.8209092803839861,0.2292583070239047,0.6507548370349446,0.2526280458654083
144,0.541642263452555,0.9270539096603503,0.8623451724629495,0.32833022057948613,0.1235371724450407,0.31357729491088837,0.13643509685628397,0.4877672191588205
145,0.8431440139503217,0.21304456337888988,0.3276121112723527,0.2430892590572199,0.24997369856636165,0.04890288723399583,0.18467370610029432,0.4840938377166355
146,0.21181271295229653,0.952397862552891,0.5636074080243628,0.4424021887320956,0.7293197740395337,0.613292925500221,0.47421213607846835,0.8786920233196993
147,0.7601106092066686,0.2845885817358448,0.45381872493881226,0.9250282125547251,0.8379368347065336,0.40832702395733,0.06263378015473653,0.8283334797434212
148,0.8456057408944759,0.42054000847565476,0.9363641713506473,0.9837414305383599,0.02922382746044827,0.8534529009010889,0.11041502026272276,0.5793650172680279
149,0.7103311074815912,0.8553448242049025,0.4351974101470125,0.22409996738717863,0.4078352435308319,0.4537853753457778,0.3648336873743082,0.7655223424417456
150,0.7309978680383629,0.43505836050147373,0.7549317321784695,0.35042692422498833,0.5967467264491099,0.6607681682628768,0.1513088073534834,0.09799497457933448
151,0.36837047457301675,0.48329645847940705,0.4290765935459445,0.7945545176459495,0.09615455835442299,0.8054475561325315,0.8028568688052801,0.2641473344140005
152,0.6976653888645863,0.9808197389655844,0.14557725975019187,0.8639316893275734,0.927853557553884,0.5524745701339293,0.8966815897069705,0.24822507935471705
153,0.2610356447438048,0.6492428192222103,0.43375929600908136,0.7566976539146851,0.2803848670068214,0.6127679782553189,0.8854233408487477,0.13126653320338866
154,0.1591631256055427,0.746667294108277,0.08014127420866457,0.29819213124269994,0.8990950774388486,0.04298124531059666,0.6533749908393741,0.875748436285366
155,0.5953021222430153,0.035904350806906904,0.46850831242210966,0.26222675639109727,0.46000313254924063,0.6666604031050688,0.7950026032374841,0.17847755747516814
156,0.27774033150560107,0.4448935840912528,0.4955574794071217,0.49084981237812497,0.9287820965853026,0.9290605713768623,0.4717420968160003,0.06518842814765868
157,0.5953900887191256,0.988812341696357,0.6324131830175788,0.38521211128192157,0.6083228485273389,0.3363450696329302,0.17164193853342435,0.8410857657148291
158,0.14179380690816856,0.37485368892925575,0.5381704309932621,0.24778195264444314,0.5055263490751258,0.4072769876682196,0.8374155446061915,0.01908350591440533
159,0.37018962699272306,0.5764628777421414,0.21434858030158122,0.5129224900569404,0.11391029406142428,0.8796042568505857,0.5936961639102786,0.525073139853944
160,0.21332183156535733,0.8071364666624682,0.4195295148488719,0.4040808580171389,0.08884107187568135,0.7477432687678978,0.5802858208114523,0.17262348066591726
161,0.33448112138238106,0.5896859591936353,0.4065490396452712,0.1358982197023556,0.9866320017558889,0.3182120205746183,0.48303081687859195,0.5945684449383625
162,0.9801296131312796,0.21258794154754657,0.6696728218292181,0.9231374857614628,0.2268821808880408,0.9266932529706,0.13547941189793056,0.17877414736523156
163,0.6643994951917118,0.4790665370428574,0.7872877339764094,0.9464485155222125,0.22405356325414283,0.565187294350225,0.5251171481062377,0.3732704135363427
164,0.31258553277669665,0.3071824594458966,0.02472130677455897,0.2551177617746556,0.1745142450645254,0.7207560299711258,0.5581226539324738,0.4740894479495713
165,0.15070408402113777,0.01519271857356752,0.8283181188895413,0.0168643077757179,0.26473786793256016,0.9903963667090792,0.23394354152451213,0.9085101780550325
166,0.5404008475786188,0.6309509868604444,0.7207106718869686,0.8903070201175599,0.07557957758164369,0.950994673343257,0.6284740728932223,0.01156344974139778
167,0.5565409780547631,0.0850231898267445,0.8877858905129866,0.12157424182349663,0.43607209469742403,0.7338514492775755,0.9752363100724749,0.290317511814558
168,0.5243164865827183,0.708216537395419,0.5931855402572136,0.5949929331329502,0.9670022681841826,0.706639403322334,0.31954197422478725,0.3330527192183167
169,0.627645754751244,0.5222199043334345,0.6360034499406964,0.5956974077540041,0.7336824570817223,0.7892329273084546,0.2594496328786492,0.5797507353953952
170,0.5132445072519288,0.6170115940593978,0.6258021284252421,0.4440070146181919,0.6164202950205332,0.6308634222978059,0.4815092608297473,0.47249283336193704
171,0.12056558859959943,0.37371570203978666,0.5959584244197468,0.0917534926044441,0.09259197584596568,0.8132767175060694,0.1279582980131987,0.8839866641455361
172,0.8764545074033636,0.7997452865353935,0.8620859454759432,0.8788379518194074,0.9682534284837836,0.9921955669451661,0.5034351271964576,0.37527887057205833
173,0.06653483689390916,0.45630074511224405,0.6914363790814899,0.238840568046904,0.977326936041755,0.5614718455481448,0.5975590641360663,0.6923980902456183
174,0.8631016611888428,0.5013232663819142,0.26726797507114863,0.006929722365293989,0.42549867850118295,0.7974876491311939,0.2169670274445471,0.10693597086180284
175,0.16972163506920646,0.1772844370296912,0.6390863422886458,0.28684313670463046,0.8934860492349879,0.17065643137475472,0.9096245581084178,0.24292732974039177
176,0.834531906581144,0.9081243434174886,0.10319217374667766,0.11217416506082578,0.7435116593496373,0.7557600430081224,0.15014100583477896,0.928198564464484
177,0.6169706862829805,0.3245963378227462,0.37753238725354976,0.004196641135585932,0.7544221229833019,0.07959230475935997,0.3075913743014217,0.10161548151484967
178,0.8069016547843346,0.5537853700843615,0.3724769273509779,0.049284617478875914,0.08327891106965091,0.22859320655971516,0.9552443587227682,0.7941413964247767
179,0.24725484004573972,0.8136525585895157,0.9851678636697969,0.5438715249955209,0.19378788256657364,0.037115864719341696,0.1328692682224374,0.26763403838663846
180,0.6617979737874339,0.08398472188762707,0.9672926221614881,0.9687809395113949,0.06215589227594798,0.04591832758993997,0.42895757981256244,0.2308086714765768
181,0.9658811937770457,0.19852903868063088,0.5519598915070569,0.7595846929066968,0.3887596923129911,0.9955352493141842,0.015259183900357631,0.7432188815402683
182,0.7527548802741836,0.5686620542550205,0.334211756475815,0.6646487439267499,0.8459765808443229,0.1563403253411425,0.950870295714392,0.7090195496697017
183,0.020112782603565416,0.2786172992705259,0.36199039569814273,0.8324275938156012,0.4349587794772335,0.9579622341486022,0.41187405154143153,0.9344393983465472
184,0.46901928396959036,0.5850400131426458,0.9594742108754466,0.2815027057183582,0.5976401830226207,0.9815820746254773,0.8013461197652471,0.9256937749894879
185,0.7871961387531511,0.8381392552482256,0.5303498492317014,0.9367723372231926,0.5438660593255693,0.3877776750957207,0.5480886947285056,0.10346264840235175
186,0.8895810434145859,0.505404166794911,0.3525221723312083,0.7254309963410697,0.42512879522334046,0.9904721369723531,0.6480719539270747,0.8771701812644469
187,0.24315013283055287,0.15618607457830225,0.7309947599955005,0.03808884799263779,0.17194538167589268,0.4904169932769209,0.4152641953872578,0.5768751751103387
188,0.13283645038198466,0.7990080240364524,0.3925929109880669,0.058902192715998614,0.47622147316277363,0.5990332831008452,0.976352131426314,0.7533309323294815
189,0.9094789633746102,0.4800174051236399,0.005151774307104229,0.6512456871451057,0.12457001071694518,0.3395776812664999,0.5885643104371528,0.511302323928823
190,0.489009031488722,0.22470323438327888,0.005694346202969713,0.6093887344509598,0.9510721165207271,0.9750904431161713,0.4788902314810689,0.7188057734804617
191,0.7390529500774857,0.6197236410570879,0.4390121772891795,0.7166665060277583,0.22410886034361466,0.9878585421824685,0.3295061010143234,0.35314563505979424
192,0.10273195061235596,0.0234389083070361,0.793763208759416,0.29619579271831886,0.8909705783663335,0.5230885544236447,0.6567700651004831,0.610771768026023
193,0.6668380076378899,0.3117086836002717,0.7172433095621172,0.49709989484916683,0.09557765940574625,0.7789838486419437,0.6856822324770201,0.00444585793222152
194,0.5158265263701703,0.3040493124910155,0.17568614051064502,0.3957393290572726,0.25667021180194627,0.48323889532949005,0.6156452776347653,0.788986886625808
195,0.9327958961142322,0.751249498528875,0.8563004575488573,0.7350341510970948,0.3559763143152076,0.31744678815092886,0.848209977390716,0.3597568064811115
196,0.7111873101502658,0.5054111796442422,0.8110492528960064,0.782117398063294,0.7958634925529646,0.06665480180107486,0.6702085562410096,0.5499741603477578
197,0.9934466818165717,0.6708657602583339,0.4956077231729594,0.4191999387021942,0.99556050532841,0.09833009780255586,0.7731090072530596,0.33741547551663786
198,0.8437241293750012,0.7702700722413798,0.09460049943822257,0.9843529735312193,0.22046617310985905,0.5021714795322229,0.4909032932629672,0.9079203437224019
199,0.38746254543127057,0.3872229788200028,0.3956725456188698,0.8476974883478695,0.13543801116224607,0.2191564461074602,0.8707951829076221,0.2565921044998213
200,0.16397716380412164,0.7383098040611678,0.722841226294872,0.12946860242715408,0.4123761069098155,0.3762398035213377,0.9346631137004808,0.4457446317611603
201,0.5794448959328794,0.5805881178659641,0.4255193286664024,0.7640405315298322,0.9307460126607726,0.32063407327515747,0.38772999634605554,0.4492617873359732
202,0.4399233546484024,0.1260132251605206,0.15838663826654098,0.8033783884174561,0.9612016149075557,0.9833636047771186,0.059728814677923014,0.5288269255700808
203,0.8915210095964246,0.13310920954040772,0.06698587268107592,0.7248432445533229,0.46788809744851245,0.9179449711994266,0.33952070920747024,0.8782628228881573
204,0.7826139482850674,0.8069433219040906,0.09190265646420048,0.2328597322500361,0.29746010354614205,0.759185738762335,0.7824453996247749,0.30429470680391923
205,0.12707505145903752,0.8164236311209119,0.182983873583893,0.6317426551326377,0.8602161012444249,0.07449396192016433,0.9154424604165158,0.8570138227170783
206,0.31959317138846033,0.7841280868099307,0.3392173592116715,0.8096980328467586,0.2849347044744316,0.03675911650102892,0.06595649869413289,0.3461847320289033
207,0.9214357563886966,0.7550942634921289,0.6206571694654421,0.5438561895309629,0.012673668177966002,0.7174879199747176,0.28839221683732563,0.9056455895147879
208,0.4340688069479425,0.5884028472530723,0.10528990873965549,0.11985282533113917,0.13122853071954255,0.7973735062499286,0.2983786806258881,0.10706436087224924
209,0.8859847818238539,0.08193411386805116,0.46722618972538243,0.0035427298778596406,0.23195793862548975,0.4083587993317963,0.6753042479968432,0.9705232340511036
210,0.06022525018089386,0.003939217870473799,0.10295273795698245,0.12046914213360604,0.7857532290244319,0.577593694060217,0.9939429550044695,0.4980134813459488
211,0.7912204159367547,0.9533985626909661,0.6782621869612004,0.23733557089453505,0.060833301272533946,0.10478647344292491,0.6695863301504331,0.13132392764021716
212,0.5259563860819779,0.8777839148842713,0.5584845675025585,0.8355562603178583,0.01954456590436371,0.5482726492111651,0.41689529477036147,0.3917889034481181
213,0.05191731872854022,0.7039807277625378,0.8265914255994875,0.8924357881543798,0.29772924484722985,0.18602543241197556,0.3639571476229815,0.8284982421662197
214,0.941158484650344,0.9139228699929453,0.19783917499014292,0.08303211872060645,0.3258850323668936,0.22949025046800353,0.21764731477653776,0.9088023247425772
215,0.7693603113533721,0.9699237301447852,0.4043572907576678,0.6916838733366776,0.9048934188467427,0.8946291529779146,0.7177454597883869,0.555842058807456
216,0.7800531381642983,0.046351189336190424,0.12977489698489186,0.27592333774659794,0.26311759900500686,0.23590708100530267,0.4298798226224072,0.10070526808558189
217,0.17320187356462324,0.9665596944068998,0.7157434711728898,0.21243850151671873,0.9258108494926403,0.0060136941773834,0.8406378128834744,0.8296359822069144
218,0.333005027691998,0.6451042035955606,0.14048392643596042,0.788921569680923,0.9380480502438044,0.07081119483749909,0.7998374742427767,0.24402922008277506
219,0.7511269679310257,0.04471359691890375,0.6956930606417733,0.2821559624757305,0.22475162304917318,0.42302953553395484,0.2378951283995846,0.6085117629039077
220,0.26474832351048316,0.4050508153001189,0.6646709117547647,0.2408631162790692,0.9154187720988691,0.1491026865360694,0.5964299705715346,0.02150431202624825
221,0.1512459628103845,0.8892240668643614,0.5447040654918819,0.7997814668687219,0.055520601018611226,0.2516289835904979,0.44068038566763035,0.2996456318242451
222,0.7718465727579646,0.9592432741154349,0.6683459463569622,0.4610115770532148,0.7454665894381571,0.7503113209365831,0.576955019616787,0.5978410822409634
223,0.1754692325459276,0.8109458479179487,0.46679585068018525,0.9330773040065481,0.534227322092119,0.11637504850177616,0.569969924055079,0.45967140395716877
224,0.2833958608491881,0.7060150101193009,0.49025872898881384,0.012406347910254523,0.9970476666688686,0.741123816089541,0.9747686965621237,0.9610461999614689
225,0.05442402900735055,0.5392128340726225,0.561942863019547,0.16333250020352985,0.9613968711370816,0.31583522597748503,0.9896604298837621,0.8388703163437995
226,0.6121731737886704,0.8496441901558158,0.3682908086303395,0.4826301046177931,0.8483176276039583,0.681077558350707,0.5205928979677132,0.7285209385455547
227,0.8461636192422299,0.8750264996408038,0.39517473321010566,0.40046784229817733,0.49434443061812705,0.4891691841742303,0.7223835347630218,0.5047685601950851
228,0.6444648558152445,0.6641151842839063,0.16916963688437325,0.3715040889281417,0.32629643100320016,0.783567312972816,0.9639614090905342,0.9591325954636265
229,0.8326948776409098,0.5093224586467091,0.27963855904657986,0.30048488671326345,0.7922527597262438,0.567687187882975,0.24667868533494464,0.8069780457000209
230,0.06239759071384565,0.4514524924987686,0.4090452284940834,0.7351466122704043,0.26778602172615906,0.4640799983912901,0.11355828554891023,0.8777466055835208
231,0.531949090778793,0.40702931012572985,0.17819917650363482,0.9971183397477301,0.7412165179457436,0.13426153114555583,0.8805957620114951,0.6056723774638326
232,0.17797031375369232,0.15101778949593236,0.33241521289474385,0.6632606624819675,0.798156486110192,0.30587089716858906,0.9229631522241066,0.5920912061495144
233,0.4642993486919287,0.8500187231625864,0.21925461886082287,0.010018176373802645,0.35695667380434704,0.893176287712536,0.8326313007630082,0.6475628812405686
234,0.6190350139443981,0.6674970038871537,0.7066890967213739,0.05709750020171345,0.06490128791055239,0.7697004874065728,0.5091065775939001,0.5092968938216083
235,0.6605459232420373,0.23461404817609888,0.787661338479132,0.18165681313324078,0.8984448474069082,0.03951188411262563,0.18145520293914263,0.28649794821432606
236,0.7864627621771391,0.7313693737347235,0.6164830420388057,0.6799709446243287,0.5262920925245544,0.7488797759028014,0.7354221833656169,0.8367637763974995
237,0.5327931805176388,0.9631237570663219,0.6041847878800276,0.3006591893695306,0.05749564332921531,0.40120680165572387,0.8539891699268952,0.4706856191943274
238,0.1453207905567695,0.8833601256308206,0.6031878075586662,0.5992088570647733,0.11925854007459646,0.9690097121451764,0.19756326680840064,0.5926433588605682
239,0.09321420654944668,0.9692610931418996,0.14199993320794413,0.2774985567102135,0.928435106321979,0.7720473931978575,0.5277156133767003,0.4550360593580507
240,0.2522774738414738,0.42670173192506167,0.7191952859934767,0.634700559462383,0.5822529841659974,0.36767768276592294,0.7998812116156455,0.633776551488667
241,0.11385599541813485,0.7196075501611622,0.28831508150890106,0.913492884961975,0.5328217518160246,0.8716456121334639,0.9432196419613138,0.4714787023025341
242,0.02013303269624822,0.40412277513126427,0.6827795139156013,0.016579607233848326,0.7059874430668429,0.9212144242334425,0.24870568938177395,0.2993252650814181
243,0.39038049094597194,0.3953415987502096,0.9111522600420934,0.9323635688490292,0.32929467680039626,0.009262952515372347,0.4626354359607491,0.5414006820714136
244,0.820116794558062,0.5025697092021898,0.036965888736566255,0.42541441147326753,0.8540362863220793,0.18298105412870824,0.729403948144038,0.5353641419751677
245,0.45544651153071936,0.5070382952159487,0.8162612848981935,0.010238249704721536,0.8744926856332061,0.4852187751615521,0.35817845576048923,0.7956016078710418
246,0.38426073053303056,0.5926822052448548,0.31601591512688043,0.8476200154883214,0.3831971895425479,0.46658994168749357,0.2540246431584291,0.4480941339784714
247,0.2070653406526144,0.6367900248927845,0.47314195724868624,0.7605511380818744,0.3814624234834304,0.29053266333663763,0.9394989561240241,0.31721343061732765
248,0.7131671821787086,0.6594914663404152,0.18535636860368798,0.36603794129855594,0.7361728116126648,0.10085891877224384,0.2735282102241504,0.22149050095140865
249,0.7411957690484262,0.9665762030597325,0.17757419167770194,0.694662884838414,0.7067648737146632,0.16473636575826378,0.18509673308376573,0.19217821981748784
250,0.767191961037745,0.6822076224256933,0.0071506618584533665,0.9669528427784032,0.08945427740541811,0.43951510721321596,0.9981722997132593,0.9314600675242241
251,0.16394226234640352,0.6083968725872643,0.19448540417235816,0.838576727053548,0.9266098692349507,0.041047296202706196,0.8112396145383515,0.7207919620619383
252,0.7107544418928039,0.35864441353443544,0.634768805453586,0.8154874982928304,0.8919735234796652,0.6673190126093126,0.11023870394762192,0.9357778717483095
253,0.05772956051608047,0.30311686700542584,0.21495483211954747,0.8853030073424838,0.7362871958519295,0.6603469085451238,0.14929794287598386,0.17343997435413472
254,0.5570647191001457,0.14600678072651174,0.2875559029272339,0.1763491597353145,0.035159720334738465,0.0703385557010272,0.7332765799660939,0.39497079405931745
255,0.2839367102553091,0.3439234200998722,0.2296283629080652,0.29331160194283934,0.32031711106936256,0.9430176419565708,0.37611059551089865,0.3023729355966803
256,0.33545855349354825,0.9318785150715654,0.7805785919494156,0.3344330578999096,0.2729728785823411,0.06238687104179941,0.11857607196637909,0.5422332732495148
257,0.049264536682478766,0.18657165234648854,0.9054143797268613,0.23119355284955168,0.09756572476227499,0.9125661605933199,0.32153593323904217,0.869185308393647
258,0.32690557349241445,0.9813832240869855,0.37319906224189014,0.12291515348202087,0.27760604119543597,0.01793894192387613,0.6710249104946732,0.1773027027878874
259,0.1827407477212717,0.27347889173276274,0.3212457833990985,0.7861049305576064,0.5498184460152331,0.5417943682967743,0.9625528309825964,0.6235753427246111
260,0.3953361597091901,0.3208540095092218,0.002051664811719811,0.22855444817493575,0.7974754515978995,0.9649212466892794,0.48417763155332305,0.2214433279971748
261,0.8747519327439222,0.3148873054817999,0.22416791583888473,0.6844100715322243,0.9762879765736587,0.6450889628511166,0.3814175434486595,0.8094831001808455
262,0.3713385408252695,0.9665796878845786,0.4745902461314111,0.2986884121956248,0.8921654695293338,0.3906424625313264,0.11839544771905541,0.0037523367809567665
263,0.8094678789096192,0.37531142857184585,0.40166675545973396,0.3340157076159733,0.8867924971877703,0.5958042085115226,0.41713942120710257,0.10214963251495568
264,0.059492794993111,0.08551389239750129,0.8210826611601487,0.8722575762679899,0.02439962471387591,0.03147698488419126,0.25075371332971974,0.7826432209162208
265,0.9007224279115635,0.5723990741507157,0.5213645213528109,0.9374241023707238,0.39447034705514095,0.9802356290205626,0.7555530965392568,0.7199257935890515
266,0.24221051587071063,0.9529058365016158,0.5335679758789569,0.7441246839718231,0.6137536751719067,0.3026998283894915,0.955559453443298,0.2480178344025148
267,0.319213725780376,0.6588296430797493,0.9635146535665514,0.11105420813316202,0.029162722662615437,0.37722065659352977,0.8698958096392664,0.9639525547477035
268,0.16366727940326153,0.0987006787561,0.4612701251317307,0.9979934016632152,0.11544762941084619,0.007593532641179124,0.6242847430277025,0.19227674228325276
269,0.005291801996878065,0.2795285708995846,0.31144853978262843,0.06515861120989586,0.18792356530059806,0.27874955349823927,0.3631613738810294,0.02231383425648914
270,0.3969239008382459,0.8802187407971032,0.3354878315772112,0.34623463121168996,0.5503230464977129,0.943376576357467,0.07010611926944543,0.3743978537268332
271,0.9970308640760999,0.6064039039896632,0.798726619379886,0.690528089972632,0.7542378901573832,0.03786925961334697,0.14303639739888008,0.5654683778352023
272,0.08834882943074418,0.613891733526141,0.057740349560147286,0.8092574616649035,0.8693551458809595,0.7431189024968771,0.9180153355131734,0.1713574794054793
273,0.6935888298315516,0.3291925022702932,0.5162366884928528,0.8220521018628579,0.2890125279283541,0.2198347146905696,0.7543831890447786,0.762585915083452
274,0.5388804970840693,0.63285167877474,0.031051971197926465,0.7344124020161994,0.8313158611199025,0.28626717222701525,0.9880743795865196,0.9695387185948264
275,0.6659947611470507,0.36104767340756116,0.23529430236622528,0.793012592805229,0.6692571474589945,0.15904296707753507,0.32548025862265306,0.30503943919144927
276,0.14047245352653315,0.6864923446241799,0.8385298502869843,0.5016939225592084,0.662486519375806,0.21874958620850604,0.9490062638018696,0.909724873366643
277,0.0857923495874019,0.06622876810709044,0.4764313371061314,0.7669656155429777,0.11792393210249497,0.40899014178130255,0.6148710087820822,0.8820841961583542
278,0.4381232719550625,0.3105338819130764,0.2521422904986663,0.027649872494399652,0.8625584917323196,0.014788728221277303,0.7807223367243494,0.6515795292511498
279,0.4174664363383416,0.3825215262393159,0.3075228170237517,0.9433541118210031,0.1929635315014151,0.5813474299543796,0.45255606427305883,0.985903537021011
280,0.1432776026858037,0.09648198103084149,0.0111693837505219,0.8839422250553293,0.5710800157675789,0.3528521717883911,0.4054973153121202,0.4519026764853
281,0.566814044265441,0.45216608570892625,0.7987093867388076,0.37396945421314176,0.04496426659236652,0.6752475160692845,0.6242259463768339,0.9533318803787355
282,0.12306056925787956,0.41379729052543357,0.6968963022106572,0.3390140820459385,0.17374167165165388,0.35970413508552845,0.03195944496963343,0.4875870233171
283,0.601979427498234,0.7902200766087095,0.2410987823542564,0.36259261607034066,0.4912505177393681,0.8922172931005888,0.5941550211581987,0.5655526602718906
284,0.27059343745283315,0.5603114585498611,0.15116932812396278,0.07090149357582654,0.6118517027538002,0.710347058780971,0.7443377188695387,0.8860357352629511
285,0.35492147849883937,0.07581512032871263,0.08332822574351462,0.49887817258480727,0.5772341472041895,0.6353178020039373,0.7598417118232303,0.5092233689777284
286,0.17817214801988968,0.5198077696574074,0.7186213477172555,0.8833026986873935,0.6924782499231451,0.8449630555041119,0.8156706113907508,0.8946644549368082
287,0.26688878539711114,0.7946825943098484,0.24435356570172784,0.30890909940859634,0.5611305824081212,0.08268763674395563,0.8717483812027355,0.33441780735163307
288,0.10253904145714032,0.6973921933473016,0.7123287719634168,0.31381663868100573,0.6028862632912431,0.6641672398591234,0.12101682768204813,0.9801270939846038
289,0.4371081146866006,0.9574489109188514,0.37579356103766326,0.842664197126282,0.19415645514910174,0.6727243393462559,0.406365151119476,0.7138371632633488
290,0.5822795760677157,0.41789232751992256,0.33567742257887667,0.9349262328555751,0.4490896799325873,0.9103763690639378,0.5149717889610345,0.0016574690418658111
291,0.7994360898885975,0.11437562650839295,0.04295050763207908,0.9895235065208442,0.28641412506398756,0.23441525621338033,0.9373880006908154,0.2621590663317952
292,0.8990013708775013,0.8874393183413855,0.5686555735285072,0.38647436837732296,0.5387338744586592,0.2268443207884191,0.6330272804896536,0.3386374690694963
293,0.4071517619038919,0.2808921148841804,0.5043728942414966,0.19937290464258028,0.03816231538702419,0.9177550676068259,0.9232252755003779,0.7133219100774186
294,0.8602346502958891,0.18711040571854087,0.24340627534785708,0.0606221424080059,0.1023490438933704,0.3032406248482882,0.8161332016148616,0.6994948173006202
295,0.2890881865821683,0.6271957289218637,0.3173118373665976,0.7799706976012749,0.5362717437913752,0.9735746768444915,0.31436643638325035,0.7663639374328797
296,0.8558937657201819,0.7566954778000283,0.8021544168928595,0.6757520588807373,0.4494643140740233,0.9224236387772056,0.6047254156287839,0.6259721939887736
297,0.9869359171154447,0.609094934468504,0.6332199757761185,0.8247370625158827,0.08831562455770736,0.6035743895810289,0.7184313456927623,0.02381874018861474
298,0.4973356853455463,0.7664058186790842,0.22118055372909617,0.41336405370622065,0.3596317687638846,0.6732801347735902,0.7207220103313925,0.6648170347458434
299,0.8202540679028292,0.9737852058317971,0.956178980214007,0.902897448917029,0.08154775348697496,0.9352316041318846,0.35239260585278076,0.5435681362855883
300,0.3974444027206041,0.5851633111016775,0.9219586963545966,0.5763442807447493,0.8754824992053911,0.5091014328433846,0.27331651192309936,0.3843545326117921
301,0.9783670915610582,0.3636112154292853,0.2791182563364296,0.5056018677980724,0.9941280238527418,0.3547787261785291,0.4216872388071071,0.2225818228129779
302,0.19582772528982462,0.40198186781220135,0.6569496954019178,0.8487993893529362,0.3101603116088636,0.004475558904215582,0.37498615575762106,0.9249450129336002
303,0.03631857488192625,0.4217271665215835,0.7509069429270642,0.6084814097119204,0.7575730733665608,0.08473174209904888,0.7306175775526337,0.9241367930490267
304,0.7070792722666113,0.789650549688702,0.977142705830042,0.18133681951637803,0.38865769492567515,0.5649503940761403,0.8605769278327751,0.6712745041670013
305,0.21450445185075195,0.39024327864290376,0.7850296578840673,0.17613866353102803,0.3272252521652421,0.00910145378221039,0.2606594370343115,0.4250335235964068
306,0.45001992010077985,0.1274548184792842,0.8457822403099187,0.7307231378755293,0.25493736478631057,0.8343509211470045,0.9754947362272118,0.8710884360885321
307,0.6280629079409189,0.8168059390093615,0.7923029763369186,0.9678975007005348,0.7995948293915999,0.9777739431570359,0.35218166519614935,0.34055820352459987
308,0.5463249886054333,0.2500595903123982,0.5472643939103377,0.5259252931542902,0.8201080739199547,0.057731040440093695,0.04885321138028975,0.28517559643930257
309,0.4451653112517142,0.916634198995103,0.8537538870927887,0.5467815799019087,0.9829173711359884,0.7595993016524586,0.6885728857882053,0.3964896259887509
310,0.9113050169990758,0.892545063447364,0.42872907389121895,0.898345890601213,0.7292335042045709,0.9592909948250357,0.4705230082744465,0.21129763345032004
311,0.6658530623359614,0.15482190561186304,0.010936567227197824,0.8380308740426472,0.6667802744070553,0.4463535230412172,0.1961122987493953,0.0862823919975273
312,0.19032557458401267,0.5432045580534033,0.39897546492517555,0.5171083156276001,0.019069058215746004,0.6017079809945302,0.8150999965290011,0.27843860236020745
313,0.8361777500147426,0.2777689691022708,0.653438140715352,0.04556264627929485,0.4359629207021787,0.9523351889380972,0.9211803582998921,0.7808147963344612
314,0.9971796102132829,0.18816674106857156,0.5875591988485375,0.40248040619619285,0.19945255487548907,0.38343118052150127,0.8534300585848158,0.2284108293174758
315,0.6372444188734295,0.07618754930274574,0.738120110064233,0.748624997476051,0.19724867093715148,0.10313676617492329,0.7054778461023399,0.50311989990406
316,0.16325213027742336,0.08782835604565176,0.4564796506344444,0.8675874775956569,0.7724280276236913,0.9275986584964683,0.7758556039571857,0.3593104487368366
317,0.7372671111089858,0.083922518379559,0.6370178065098246,0.394689866287929,0.9642929048848713,0.21564979883011948,0.31096590420150727,0.04503476695031028
318,0.8157195008318855,0.32775606677483704,0.41061547686305866,0.9357832307984004,0.3833911194387515,0.21398887973058023,0.03669990934272371,0.600788290923992
319,0.33057069580146736,0.28427919907216526,0.4775796425774702,0.23019996534066944,0.019434799626356525,0.1936490480715276,0.6241731058741636,0.3597940650257144
320,0.4139456792722057,0.13257811484046478,0.3477018169076772,0.7437073473579643,0.8324601596612965,0.25847702128989714,0.15655626431086045,0.5530137389293456
321,0.5202879540769472,0.06283528442453301,0.2119851943468053,0.4294694552685745,0.32435377519913877,0.6445889564207534,0.041459179138488844,0.16709600214302034
322,0.052693984965693,0.3596872838381976,0.10244166391876519,0.14991589978347275,0.5044159565397517,0.5350681522188236,0.01652679241385091,0.16016908930488705
323,0.6144920133198553,0.6490453176316314,0.4267825670471529,0.7596423527946834,0.6782670277771183,0.9056930566970842,0.5945555786244802,0.699732364180777
324,0.8621251772525255,0.40971764585876314,0.4752257177010937,0.42792733109107406,0.5603614012116422,0.29970801283380855,0.8188215649385912,0.05404392543093384
325,0.9807667114379923,0.13007129645592796,0.737315099883789,0.41840748855495324,0.2242206872199477,0.7613560915683549,0.5417715593948612,0.21340999258547866
326,0.2632940809030294,0.6119647988843435,0.37158619469690457,0.10839851302157877,0.7053918676668995,0.8465124901279535,0.6120395977773677,0.4661602313957228
327,0.5682278332733913,0.16923425460730335,0.42388642676091337,0.4669096661570683,0.8854437225162314,0.1744347191469422,0.8928325511881726,0.15333080633223817
328,0.6047458215033331,0.8126781282602773,0.6585586207779627,0.8993850301068733,0.9824223674983016,0.39653085345500516,0.9073502666022693,0.7734661019028439
329,0.09027814611636575,0.7603538986839533,0.5300068052852946,0.5558147052576559,0.32396337716102264,0.7776628314679046,0.5552922057706998,0.7102154430647272
330,0.673274361067135,0.8073328006075982,0.1377860118516797,0.9215951364692787,0.5440541225883145,0.2713069393851134,0.12191055949344576,0.6138464542834381
331,0.4808825787707699,0.34354959808777796,0.06799773891958316,0.9639816565468665,0.6759064046126995,0.33269913914120974,0.12350692948101993,0.17583977140913187
332,0.3776746667960045,0.5662427586382512,0.5859184067385135,0.6963525034701871,0.5263513750310138,0.21243663529159862,0.667908460047447,0.37836623966147376
333,0.7279409379590885,0.22981058400699772,0.8006272722603374,0.8754986402140855,0.9186959596089785,0.9782463249737288,0.8515142738255499,0.8011452017014783
334,0.6896474669697874,0.39044553976117247,0.6542097096678429,0.6587007245193067,0.4350029258431959,0.2014237143380886,0.682592066142024,0.17967115218834084
335,0.9281166741761115,0.3363110567664054,0.9521217758350993,0.9134930769247578,0.17075246575050385,0.3714481937122055,0.49451405464176657,0.32728972713608806
336,0.2549162450781709,0.7329638207489767,0.11500555287713787,0.04735743813104565,0.9429730819831251,0.686146685637031,0.23639733644007133,0.4507591739645729
337,0.5773945110018444,0.6952291919863395,0.02489511647094167,0.4902977642158528,0.7187960105761233,0.04282069143828515,0.5570991127389275,0.7530556739054153
338,0.3182058606775524,0.4212177357284208,0.9499858155155917,0.5347727900406076,0.6228116004471568,0.200777648379024,0.12695595218279077,0.3860902263075534
339,0.7975593232097646,0.9738632516177449,0.2479522404793364,0.4489811074382387,0.7389856534543799,0.7123286714501356,0.5895879896758126,0.9319578285134689
340,0.7834384214571771,0.640327258455473,0.8117526864357093,0.531527706837695,0.8190862780953699,0.8361044691926304,0.42567402287713496,0.7380542643207557
341,0.4498310711544474,0.2252601201018385,0.6825216925260922,0.2414427212168987,0.48892049673489735,0.23500703894476216,0.2719255769129493,0.2995831026083303
342,0.9434926599045594,0.898073684923394,0.39018395737504297,0.5986696364763155,0.5236052773961944,0.9547425713572214,0.4774770133640688,0.6147706403262744
343,0.5980227293882513,0.30593966530278804,0.06767565697587286,0.4409118685200877,0.1494050106662983,0.5734559183298515,0.9566060580763172,0.6809106736156176
344,0.7037887194541824,0.8726089887521414,0.1274406396679978,0.5571816298001444,0.06022684342882878,0.2032119795683207,0.08332140020478518,0.16765676121537065
345,0.5957083997590246,0.7170111926475303,0.6266881159263239,0.8577172993898369,0.16629046427063576,0.9893118875603055,0.5712416654103615,0.06461877387584358
346,0.31435905008159093,0.9548447903279615,0.664865375881894,0.14331742966163485,0.024484634718265785,0.8286266995201053,0.6481199253034634,0.4780012739594047
347,0.5065321522197349,0.1241970897708643,0.44965332554386006,0.5823490263978283,0.14392888449748287,0.43878465809039646,0.38620641140219747,0.06371424521591451
348,0.017321531498824094,0.20635300640027165,0.2541441550969239,0.14601060413597033,0.8518117067466565,0.14589550538626195,0.6537357624404032,0.19338545223778114
349,0.7554989278931015,0.7914847723500114,0.18785362377165915,0.10363821168744247,0.9878183246565705,0.5450260113949186,0.956064404595245,0.8383968444359342
350,0.21596897921757396,0.697856270268493,0.21078636482426139,0.6391851976044133,0.42255263077844973,0.19171525107977339,0.18933036438673845,0.2542208525140599
351,0.303977042569462,0.3324775755615188,0.38620109691530957,0.6001955311861993,0.9836246535622691,0.6119261948896487,0.9960986990253312,0.6913409700617407
352,0.7759268968852342,0.40146911187556855,0.5683014810131188,0.8738931739302763,0.9017455699430816,0.5290225821687486,0.03502068965938898,0.7083149720554623
353,0.14072208876949255,0.38688264073755196,0.771592583467305,0.4427982324910372,0.01505326381569616,0.0367375783018834,0.7899313279022815,0.42995942487520367
354,0.2814135599275428,0.6015428591063585,0.5438602640188754,0.22760959700908923,0.5335664232012648,0.14615735909874528,0.37718187060609554,0.967656667866266
355,0.36218172205748034,0.052117925975024404,0.8110812365739744,0.27958739915601516,0.3096855310620342,0.1851744716999778,0.6022805503337189,0.35061841089987156
356,0.4229206118231741,0.7389982613985663,0.9955569281703289,0.7139389056496227,0.15244408335617443,0.06411713927787421,0.7140807041160684,0.6047907240402157
357,0.062175315705377154,0.5726696591578817,0.7783197649090904,0.14652149102668266,0.155973556417364,0.6878263818957742,0.11753750782471062,0.24338089623175974
358,0.7217824036016243,0.8619778145497383,0.6943926982283232,0.05602686367442822,0.5160064008433293,0.7055118909003006,0.5331359016924323,0.35599748659834807
359,0.5486433161958565,0.3354570330162554,0.1424749802246701,0.8715259984633512,0.73758513334034,0.045826961803310695,0.24039519642723217,0.8106808819138757
360,0.19508658614878005,0.4991230073591938,0.3372942734147635,0.42748430456973296,0.09983126823599675,0.3742453910173926,0.8973745636223077,0.9913007095532218
361,0.6137188131264888,0.17488532626277287,0.7733401644769884,0.848147792845421,0.620345592463146,0.4106355740789128,0.6633367365344548,0.766568443335028
362,0.2660148962195993,0.7457518418515359,0.4679240173752708,0.7885233937235777,0.9992688071809281,0.3505175978843582,0.3075202701523082,0.43962283534647273
363,0.9194874974760432,0.25896559081858794,0.16703758982216887,0.5549805671673391,0.5192758937889015,0.6487792111709454,0.04190594103890888,0.771857615792136
364,0.8450635060147812,0.21988330081394214,0.23935768986197759,0.6950925893048265,0.6341380473626231,0.5025727131995523,0.13320500717331352,0.24008389822959453
365,0.23654391156304666,0.8869453654578536,0.15536578549018487,0.6696391748077456,0.8812678913762871,0.9151692073463935,0.5881934687744733,0.22281067188854153
366,0.7034063393136049,0.5334066971999336,0.1486773252000424,0.31771520186700786,0.4480705398870073,0.906336429364965,0.43140933624239197,0.08491512124933209
367,0.3236310661719797,0.8659172063374955,0.9693691249151729,0.1408078253564512,0.7158645788512906,0.9510812349149093,0.08351502929161658,0.061757954679123594
368,0.09004171840140562,0.8263863318772555,0.299406769003032,0.22751493915159782,0.9357600017769065,0.9152277192698918,0.5486539602229387,0.06645422305188775
369,0.569913369680822,0.6944832416158434,0.74522571161147,0.445921292967116,0.13497266426438725,0.3324533851901327,0.760042625037201,0.28317655517189455
370,0.13673608704998563,0.22122099091274006,0.07153328614450993,0.9846747476012483,0.018551766439797057,0.9515525927747382,0.8334320372060651,0.5421369186676871
371,0.2990918718920299,0.7449288141321143,0.8622367530204715,0.0860555397832874,0.13847964820985903,0.9678429583667498,0.4424638698696095,0.9161720456117103
372,0.7528577649153434,0.09828762083352582,0.7773721837646327,0.212424395947037,0.4873954585902469,0.6129654736036546,0.8055443678592854,0.9234168473977814
373,0.5114842556480493,0.0916294503417816,0.6054991762528127,0.10756954042841516,0.40228507118509915,0.262859959804828,0.6640441476121338,0.7075963957870779
374,0.9971535956539224,0.44572718901100394,0.20779072290863887,0.24406552784645763,0.8480453779844367,0.29049212231616295,0.3040481105719838,0.7781471837642258
375,0.508488459572263,0.2988774798859801,0.7082423490680355,0.22983643232051199,0.9259145255432965,0.472549060225266,0.38084067574447145,0.5719905506413666
376,0.44074969745242987,0.7578209206630196,0.3147060557227743,0.46408916728149263,0.8748691781717024,0.8383286669162077,0.786142308439471,0.4493436296944081
377,0.30497895408294573,0.7624344243702125,0.09307046331151059,0.3020942838499241,0.9514884191443868,0.25385982942372554,0.18990709375661952,0.2519868142202487
378,0.046951181602232106,0.49956952077313077,0.18003184715405574,0.45641502889947383,0.8863774616478352,0.19476450362099884,0.18263390013803948,0.8281708072669847
379,0.22475784552900457,0.27760171165780256,0.5426548476389693,0.30137155157543816,0.45642078441460254,0.9009758224572779,0.5089340076671172,0.5404342908208614
380,0.5753695941475521,0.1785599408586187,0.44751969493661037,0.9005177135730894,0.6775780652813622,0.638522104508507,0.2994123566630098,0.019862906224988763
381,0.2876847192695119,0.6508885546270357,0.8449130645603482,0.2707489242313098,0.5964415303749642,0.9931713313466202,0.7307756546740738,0.5235746109182053
382,0.516852893398174,0.3891007502448063,0.27807679246195094,0.5876128733368383,0.31251785342589555,0.4989430823462355,0.9025693419407929,0.9122298922725534
383,0.8806205641529307,0.22436623111658094,0.06178885502773657,0.44250340991615755,0.23027849893232755,0.6977036033647261,0.3098335046117785,0.9920543886710355
384,0.927708073125062,0.908238717150335,0.6915952238861905,0.9577729164194198,0.3422704203841832,0.3052470453866867,0.7558711826059091,0.5905839450550031
385,0.27059515245831034,0.1969263571379518,0.9646806473008023,0.164709701778601,0.2564561267331542,0.7936759048170506,0.5590397309322978,0.26426027258559237
386,0.5527354756135037,0.4635253615030571,0.9681866527202091,0.9889578211917223,0.7522029146178464,0.06841981688284704,0.9187810611799818,0.8296079176290843
387,0.1475402519379726,0.6136913763499433,0.8029631491724937,0.22866480349670404,0.8912498642719936,0.607818837310695,0.11141050170003575,0.14235444858561053
388,0.4494763993089155,0.3083741798296882,0.13632673775463233,0.6378176349240913,0.9926220726961397,0.09946427714306483,0.9448857422138975,0.6136464182247149
389,0.17602690945061672,0.18378869126193742,0.5485801173647494,0.5209845518588582,0.8591868337712608,0.9695261900639581,0.41318006190060763,0.6830481367711511
390,0.26477714047289824,0.9180778665501906,0.24773991979945575,0.5180179637434615,0.678859460296859,0.3592148601406129,0.32969865379556584,0.7080794906343301
391,0.23287092462830083,0.31493810222583707,0.5162668726088618,0.8979580114971178,0.7557677992551016,0.27150188889295224,0.8681288413311258,0.7971001878868581
392,0.006994971377118242,0.3601762232357886,0.008413984388649154,0.20682862110783973,0.5068715128030242,0.5382186297872666,0.11814314017378003,0.03792123131214087
393,0.5438927881769237,0.9329532993862263,0.12966156412359098,0.020214538767933332,0.7205409190593052,0.17203958773495975,0.2626470856164226,0.47352297188002335
394,0.6124531347431917,0.6974672406353004,0.76211443762566,0.5681427281591159,0.655983026355015,0.5472501486140757,0.20447158812544108,0.28395375415591295
395,0.47558825052569853,0.9681178406243789,0.4512323381725064,0.360722716129947,0.31808869807065343,0.13018400928830953,0.9934362037408538,0.44939664966729664
396,0.3595101636242113,0.019872718839112458,0.9663771788665874,0.8288953184553158,0.7175666756520525,0.7651295517082408,0.2986631360491283,0.2619754542707622
397,0.04835656350401374,0.6812087191182542,0.7418404010018608,0.42805172246463963,0.6149423814371359,0.13412998874806625,0.7431304762118168,0.24025782929063888
398,0.5585582681506845,0.14842987023302834,0.4553861551418462,0.013335162161005387,0.6002753908233034,0.7445667673439155,0.20823370484579296,0.9643229230957675
399,0.1913780583120439,0.840838654201745,0.822391729250102,0.3069643725662212,0.07593856240898922,0.3474302972056924,0.0018778302099714539,0.8590820733116327
400,0.8893895478009118,0.06743526463090477,0.5315849891230142,0.21086739708247104,0.510705459261268,0.6791893994908134,0.3835886755747928,0.4651331510263086
401,0.6728195534814119,0.5741862872798212,0.05136598124452507,0.3621619063099477,0.5979772680220365,0.6202143821893834,0.3718455325095955,0.3013531446600274
402,0.562854024097995,0.29598106025094273,0.18035657239639535,0.12117294194444728,0.4112248704332444,0.30147611833466104,0.6906636097783726,0.18846649213014
403,0.4181051238928588,0.4113754516710567,0.4566676302767756,0.026756466355534414,0.9446651090570023,0.13784433303897237,0.8865964112341943,0.14248420250369132
404,0.45134383742449813,0.07664237853460054,0.8104053084855233,0.4241004557315109,0.5550356793595204,0.20681596789359635,0.9403949069624881,0.2560731245577309
405,0.9523563328135111,0.8896940527521929,0.24134334643566202,0.11429319703113838,0.18220722740936723,0.08355763399429417,0.7675285351865139,0.3889878925150628
406,0.12162080286792443,0.46639672801071286,0.9553660724199798,0.45960591502006287,0.7721475071799917,0.6976501292758583,0.20699627043308988,0.7450446420042435
407,0.04545947024297303,0.14396884918926878,0.7750506432202757,0.0053477879649327376,0.7877870608836518,0.6652652861765903,0.7735966126901387,0.37442200050352936
408,0.9376262234350984,0.97327528917112,0.8992818538680996,0.9120434128031247,0.20124563320957056,0.344449663731792,0.7637025279600193,0.08386941874144427
409,0.10950396196189816,0.5764333967187487,0.5350866600505088,0.8325731109755945,0.5994733961216209,0.6689525362739315,0.8235630788781223,0.6222595297145764
410,0.08443466133443,0.9848129516439343,0.5672067551862482,0.426303603352271,0.9401511942783617,0.8041299095913815,0.14403918712761044,0.77519396222987
411,0.29514473453204004,0.8474715189995659,0.4716171563491348,0.43298125480568905,0.7335382659208323,0.2302944383912987,0.6043154788815022,0.5042356030678379
412,0.3366666885195603,0.3004149643812184,0.7146207310924014,0.3787524952329916,0.6412530525873592,0.7787812281664843,0.8896856479968455,0.7177924674285366
413,0.7920168955460898,0.45792581579453684,0.7948099119621594,0.630357267680922,0.7864797805348761,0.783509186934136,0.4553855439205087,0.7056224765734488
414,0.5743775473307475,0.2245140222488713,0.521485320276898,0.09564309706463281,0.2513250357297485,0.8896941875275123,0.9377435105621078,0.781834222044188
415,0.7984962173157114,0.9794090695098912,0.2660495809982142,0.7842228878840896,0.4435812022695642,0.7486786751426341,0.5639479936404357,0.182405484423247
416,0.08579304985751834,0.6249863950525079,0.7626882973600568,0.8969252377516603,0.3678365169347444,0.5628265619784362,0.07745037603102789,0.7764144636143374
417,0.057749897006525996,0.9884700862705368,0.2747807050903768,0.2932092772280136,0.4502848814807128,0.22615935793961284,0.7809832192191327,0.6243815542821735
418,0.7824520163497274,0.8930135735616301,0.24754362090193793,0.8662105378085717,0.2741720753573298,0.19061733688918014,0.8995600098560389,0.08809023431313245
419,0.07546932111194515,0.22179060623509217,0.6071503627428683,0.09059277355530615,0.7981104932194708,0.015370296433181108,0.5394100749941362,0.2235064714166065
420,0.30619334061157355,0.4995972735390135,0.22922024046373435,0.6215088301425045,0.4761369376873821,0.7103488793946048,0.7585859327247051,0.45285686091438915
421,0.4568874018686597,0.8764735487652965,0.34580753866434877,0.26202643340665466,0.7224859859832073,0.046796452147252476,0.9107322154597683,0.29018979792307065
422,0.49225005717892545,0.7739261862481883,0.4813195863389351,0.6381752510597368,0.19412122594517256,0.5111700127856182,0.6344143569413181,0.7943430634346293
423,0.19026859207199864,0.6540021443887198,0.25104047223186443,0.242159688616572,0.5393856147214695,0.7293926873332698,0.1566424399893125,0.654843214298236
424,0.6539443391343742,0.7965191890077464,0.035872132604336526,0.9897476788638118,0.771780419828904,0.43229820759365567,0.7543969563326497,0.05100041405515687
425,0.5587326896028257,0.2976018934112471,0.9171495676719659,0.6349155411392214,0.5626399818108705,0.1575459640151382,0.20284961351876896,0.2931931888011453
426,0.9886299210709627,0.41529474247545173,0.08611919200576867,0.6479822222392851,0.9484793881038659,0.061308682503178225,0.4220016663663896,0.6966584757720096
427,0.33158311954317443,0.9112777276635473,0.37644781065994704,0.64995027183418,0.15946496192391313,0.8633219756655225,0.5221189527754273,0.018628188505794507
428,0.5528712747412237,0.9877798613983616,0.9994849845340008,0.8933418002769202,0.5224424958314224,0.12266814337289578,0.3392872451244471,0.5937473599585207
429,0.0630139072377266,0.8652219801808482,0.14189025150129098,0.8449409107828616,0.07309988495804498,0.4930203439302835,0.6739835836644109,0.6829999333716449
430,0.42514947075550336,0.596583486600457,0.98692126257261,0.1471813925260289,0.24778347938986223,0.4311689872992709,0.5152679816432378,0.7793307354189898
431,0.08166009910825922,0.6909870404188343,0.13190964119080462,0.1660275544445512,0.7121640990548869,0.4162760310491411,0.7850845095265546,0.8207008731268267
432,0.8297812688210107,0.5223617428533865,0.19486181306468287,0.600548787268776,0.8080981311068478,0.7083026584034011,0.5494188774733184,0.6135426744706476
433,0.3977255154919357,0.24659765017688584,0.6078324701164807,0.8146157548746683,0.17239305942318628,0.7700017026233958,0.6085799633638399,0.6490579826966256
434,0.4355540639983868,0.8317702057881188,0.18339539754049872,0.940522832773577,0.47684299937174646,0.2028321327734265,0.4705519362675762,0.7498974085957358
435,0.6091189541793989,0.5091621048137466,0.14354085190538235,0.07043122847860872,0.3244157702228757,0.8354804898957023,0.10142516169531435,0.006529482531092201
436,0.8062203674082724,0.3658924209677302,0.03704390078393538,0.8544652391639479,0.3991088764718149,0.11774234416561835,0.20752162004475494,0.6810204343555305
437,0.11982542110508254,0.17551736437170307,0.4956570262054668,0.29762971606695077,0.09478018925835519,0.5527895635016615,0.2480433918387328,0.2847768680188767
438,0.9478533578972741,0.3033999648028548,0.0050947044112699125,0.4772678189366595,0.11325424280958707,0.7736188058574962,0.2923166800286533,0.14714290347803682
439,0.5972998606636302,0.7782260600861277,0.6153307393942947,0.523378271892033,0.47035701579132005,0.18282219852728876,0.5304915502513916,0.47483667963347975
440,0.3895110223501329,0.8237196653165441,0.7112374587237652,0.4873660887453839,0.5867939199553844,0.11006850814893254,0.27654179548106095,0.9141020072468926
441,0.7529045882777486,0.1842376012329715,0.15534005290842856,0.6428954584232445,0.06273264575202941,0.7736229232547169,0.06479894514170215,0.5084519873887138
442,0.9670910847995772,0.5413470874751702,0.87316913539418,0.10472689389962153,0.18545761762052582,0.13306095486819558,0.3905840081060479,0.6707686614094667
443,0.7331324079149495,0.42773502880227,0.44890521833080577,0.31255975102302336,0.49229953498564694,0.7828650724267843,0.4424997499509823,0.809310102175987
444,0.5105396671774807,0.3258885995395424,0.3041733470436886,0.8499084685842921,0.8343609095415793,0.025555725805215146,0.4055920599593027,0.2761993857395052
445,0.172029634436215,0.906635700185091,0.6055132214239455,0.9557863153571284,0.5918721986924697,0.7636361349595266,0.23053781214693703,0.5820321593295681
446,0.8366885013745876,0.8966131961599612,0.3068170480155923,0.33944756729269787,0.3126135393404955,0.8080341862436701,0.4145324223554838,0.33738879940321786
447,0.24419980976664712,0.6027115508915984,0.7917216586189024,0.7075300021200353,0.9413808948874565,0.25438876586282344,0.3102810772298895,0.5179706487752067
448,0.9229898637331292,0.9900374981072942,0.09221432149133701,0.7035847128207103,0.7347490517216093,0.3173609548806996,0.28206321543306834,0.10814463127352314
449,0.5274403286348596,0.866345189152513,0.24780762649363097,0.3007590616953899,0.04758875827708675,0.43765306689496275,0.2701141967005295,0.5561336076145251
450,0.7702584714158817,0.3778152228096907,0.3286389812359778,0.5646822254941198,0.3384813215714322,0.8312016614471092,0.6372403179892615,0.6686999444092288
451,0.5053339082875492,0.2788235695371585,0.9143789438671314,0.5866287188494638,0.23862002688863804,0.9927360041503547,0.35029832510452485,0.4337508455061062
452,0.6370543847241323,0.871161350499356,0.25523370278403834,0.02405902626944756,0.8520699108587626,0.8830966407771446,0.7014650967932449,0.10701035482459009
453,0.7388496246178308,0.11242841936094972,0.32868099595304534,0.9242078658718452,0.6225224499280642,0.04923048229850158,0.4039162870540016,0.9594346444378488
454,0.8194830665507942,0.0812950201086382,0.984682653942046,0.5083596963688172,0.2095521915054407,0.21549779892554433,0.8540337213716129,0.26334984887789703
455,0.9468190952812727,0.7528145928868578,0.05567736601425255,0.08432043102668108,0.10067268379162164,0.29131094879501584,0.4645133285750175,0.558390076910611
456,0.805530719630224,0.43314547899380373,0.6197707855104548,0.9580230966979534,0.33143646202692945,0.5402018676357884,0.5537187163796197,0.011827407564309
457,0.526691172169982,0.7600973373061655,0.9742186148853157,0.0537380662521193,0.1917352729622206,0.23790951775366598,0.8953200201328892,0.45794587921055074
458,0.5198919677419166,0.9071900777226676,0.2523061554440579,0.08082187335941626,0.7811889007349363,0.8422052436450673,0.9019156476916869,0.8565961110370511
459,0.2225751375255094,0.41791091292402305,0.5635923396801099,0.6181118284406592,0.8595354439359432,0.5858528789502119,0.8448722605298674,0.3712617988559844
460,0.6109650341919322,0.3606907061373741,0.5328722937626105,0.4695958789028001,0.8660675291181866,0.05135143017797583,0.11768129414379125,0.9235280254525561
461,0.9701655195765927,0.9826301532512935,0.1588273408155939,0.6959121938825775,0.15535272813692536,0.3654916688372184,0.4225670156379052,0.6305517116628947
462,0.2692052114648297,0.9110130637194757,0.46525154454490814,0.2757144710635855,0.5766769982032797,0.5006844147781793,0.1318824094993013,0.8229657891304071
463,0.705063993063175,0.7471677532693255,0.22226310330771415,0.13315342736378244,0.4859590213687369,0.8467438409578716,0.4518339416075976,0.44196262706308564
464,0.2270547160132731,0.43616788550416663,0.2644269306318616,0.22719371847333303,0.015041750823497568,0.469748214633101,0.22488128917908934,0.21036056520738622
465,0.6743630935005794,0.911967345967949,0.7441440028233954,0.21097962243958113,0.034747474476562124,0.6507583232756583,0.5617609290717017,0.4631180613361573
466,0.553432298820863,0.465622390745272,0.12253489857024435,0.23258438751790156,0.27536082874804424,0.873067198681177,0.30176612645537104,0.9206023166580115
467,0.28380126072479295,0.6881503278111801,0.3553381131382183,0.6527305930558666,0.6848932170295896,0.4144116752252883,0.5355150606630599,0.92840826209938
468,0.4606741302470402,0.538279570632662,0.3530321706457571,0.5913916081547792,0.32169858497231874,0.13406535983714607,0.7096912685125819,0.8532783591319023
469,0.7419201865884609,0.48221131279578566,0.5752827976184819,0.8259648574030776,0.6094988800402585,0.9145483214888189,0.46570600889877756,0.9114686090248777
470,0.8000840866825284,0.5489781534722522,0.6882559749860683,0.2738134593698809,0.7303965983115007,0.27235192846231937,0.28055914784881353,0.12757635815043677
471,0.5554685237068951,0.10084420282044193,0.047262803629934624,0.5524986894800127,0.7829799420018281,0.33510692450728663,0.4685096786854449,0.46270970350148977
472,0.08264413800076786,0.5511044139335316,0.505367426457602,0.4650338075814382,0.8085654105784186,0.11135871729785873,0.5889252067545774,0.7725702962910187
473,0.697689079775978,0.048303097926850946,0.8503377425988884,0.48795289257552965,0.20929406061338562,0.019132805274260534,0.7766665023976097,0.404376436522524
474,0.6391486740874182,0.8553456192393539,0.33224455580484014,0.25751282235122097,0.9304483108839868,0.3773692199994767,0.6662870791911188,0.48572416859596046
475,0.1400073383623962,0.10570537974031258,0.8950619884057286,0.3571479062740257,0.3025272473530648,0.9750822689105936,0.497783580103603,0.20016527974159803
476,0.9828061637990646,0.41238514052537134,0.10119096230370139,0.2813999662810085,0.4702801787869718,0.5802325719165446,0.02998624480833756,0.7485935321358792
477,0.5514410246730145,0.84454653911482,0.47908101089692334,0.03158195071417291,0.0057670835711384205,0.012421884033451014,0.5144008239973236,0.7672268080425441
478,0.22115515660708718,0.18744418266796858,0.45836460271276014,0.09005263753584436,0.05890207287482396,0.71234506107557,0.4230165752024232,0.9079588473171694
479,0.2642894876884879,0.9355453683942359,0.26491399387590997,0.8899320478649756,0.7836627486404169,0.9374838713016214,0.9896443993900903,0.5137382024250111
480,0.23548531852878496,0.19303938996820236,0.8629943943647361,0.0822156798468825,0.07859632399891447,0.9763425643220762,0.8452163990141829,0.766700460924277
481,0.9130459958610186,0.07292667068462144,0.5257462032608012,0.8603378663183386,0.9993304405629339,0.36730977549047295,0.9316494530164026,0.041149691816391276
482,0.4997623084871702,0.6271329918762014,0.7081637645794134,0.9658245465378936,0.5101931147928062,0.10110851377765517,0.13577186205281888,0.8158743840581341
483,0.7683796178532217,0.4739793199760912,0.35543655480959746,0.9421604894591861,0.4057090193035797,0.19326666434375694,0.7431123434877402,0.157418118866976
484,0.01640608055294479,0.5572248059429258,0.7295837694335846,0.6396799282613465,0.4299596130637645,0.27847818895689025,0.5085761936393306,0.6192837494682967
485,0.840448567488708,0.7592339206979878,0.7676192575397413,0.38567888641194226,0.32380593706324756,0.6439436451914105,0.06154744309328908,0.583715879492062
486,0.6716684505301189,0.24447039276283145,0.48122422809108867,0.30985179055553824,0.055985527542266045,0.4103660559106813,0.9981728581608444,0.824686548429451
487,0.5410401385821735,0.9832363325860275,0.22427339589715256,0.9763341273849083,0.9199460897393199,0.557007130847441,0.371082095420324,0.47171054091929066
488,0.29566137211995736,0.10218344463161733,0.40803715199655877,0.25995197506595047,0.7967377416613732,0.9624047043594628,0.3365695861958824,0.08470956587056222
489,0.3613340900336476,0.31274391916593103,0.39812275711772505,0.7698252422189701,0.5683945921942001,0.10697754144477367,0.5270686219468703,0.6013945167648481
490,0.5157983969073415,0.23710360378264594,0.6957123531698515,0.7058734720082346,0.5998753264450124,0.4979386720973258,0.6416904555609326,0.21546250204705186
491,0.016446791611241074,0.012217617123568836,0.2955402859867853,0.9496149255033404,0.9254101699151814,0.14070334044108546,0.21702826974877543,0.5637702681081715
492,0.7018706370193696,0.19447224153088538,0.1815062962331706,0.29460869631456055,0.9585028807577866,0.5025281511763092,0.3134004913124039,0.8096219157908012
493,0.5651228686674186,0.14752065446391394,0.15261205342346063,0.6618867166866281,0.049890039876695935,0.9560448124863238,0.19968844053938584,0.39624551525732166
494,0.35515512468644617,0.7679552330720836,0.7241780715976045,0.9814494526183029,0.025754737646077053,0.25750103662161394,0.10889043460284376,0.16466022610031206
495,0.942871790253226,0.9806690422281731,0.8049300511051289,0.5733623748360692,0.3381515296964336,0.39454074286652974,0.10119557863429585,0.006889283595351237
496,0.4718980967975901,0.9888653062916573,0.5145926245679712,0.8761025097105672,0.5999639855965901,0.80639819647968,0.21108804982160423,0.812206395269392
497,0.6500991352733445,0.5036399975978418,0.838419138430897,0.6483662210725166,0.5148129003110924,0.39271073926847044,0.8331770020505938,0.9132914793078233
498,0.9549547929630045,0.0811315618682461,0.8233380172702309,0.43267431292095127,0.8479440569269964,0.49225618745766075,0.997388044297026,0.6665566558984225
499,0.7500425647017941,0.6563445248757421,0.39511976239370683,0.5019382811480502,0.9725705225468074,0.2989968317806052,0.7386117104686835,0.6991883904722714
