,a,b,c,d,e,f,g,h
0,0.8940135531183038,0.08139860642515617,0.16971744720269966,0.0959798653817997,0.7894081146908432,0.4893118164262188,0.24091737136245606,0.047295103703644426
1,0.2467235776657184,0.18150534790471196,0.535771326891698,0.3783492526630452,0.5557835836055882,0.7629099642146552,0.6713575772552478,0.726875831143296
2,0.23502004000049403,0.6393383297239328,0.4801021830336055,0.18814475628877148,0.48128554231156306,0.7336123831962515,0.09646757441352072,0.6179259511303519
3,0.14366806308900393,0.1907295927528977,0.35829358113023646,0.6214577374908071,0.4438757843818848,0.44516127746269807,0.7828165420632732,0.9599447806725959
4,0.9668998871733566,0.6525388974229915,0.027155338161258702,0.12726171865702995,0.7490846714507642,0.14488514710800038,0.11618877436626251,0.8694924698343232
5,0.5277482275798224,0.9548708041360847,0.7528302603758973,0.44283946605909086,0.013846616109812415,0.4988349720351366,0.49510100802937773,0.6308763740174053
6,0.5670276927145721,0.2347724001137499,0.41331606949671607,0.11173594595214587,0.299968422916292,0.4245655556208552,0.43153401851859907,0.7756769856146635
7,0.3839013735476908,0.20084346473575376,0.4186514513856874,0.36234230421310865,0.5949458526300919,0.7088869053687866,0.18044254342014543,0.844341455782725
8,0.41447719856459575,0.07684531676540918,0.2682503771927178,0.8304250200324165,0.34318971766065154,0.07854321387036145,0.22947085669946166,0.4279285554938239
9,0.5121149569685899,0.4161060380333592,0.5594518785529204,0.7302800441101895,0.2175317656850535,0.6289910805558531,0.7118945302763124,0.5084541635208898
10,0.4563793026309354,0.03598713244504981,0.46395958492020073,0.31878431762450554,0.4478271729434412,0.5904356888776372,0.6035602093851319,0.8959847836275147
11,0.8948655299383843,0.6312992045971582,0.47298673049965956,0.9434984670138588,0.8764987073811391,0.5820772893721657,0.1735729414597974,0.6046166963082771
12,0.8237447176151358,0.8295011775973101,0.5877822440080531,0.738824912945267,0.4046645969803724,0.6073846003274531,0.36648730130988916,0.6002846639135776
13,0.06991062528137093,0.43194882323613426,0.8845816906936962,0.06766977355010817,0.6538488411880012,0.5525782930530594,0.9018765852668169,0.7620221139473612
14,0.33208526055140175,0.0004082683967855383,0.8965591655513677,0.30158647031665087,0.8152755561477829,0.2741069406897221,0.2927931151343873,0.8209986224311635
15,0.14184607673042948,0.4093508094343956,0.7766447895715305,0.831868317801212,0.21694611916062734,0.8604885459743129,0.06439412805635758,0.1854922141709604
16,0.15946330680236498,0.421481876049864,0.0851960642097559,0.5078135428686313,0.7253037281110302,0.6076797988305753,0.4138306709351063,0.08881732146058785
17,0.14731030650103072,0.09487465992833577,0.2517999259185624,0.529736207574805,0.24433319598149672,0.6305509779643887,0.6206176703584668,0.5232874958046739
18,0.4704649502605087,0.11069197931520702,0.2288474691269664,0.6560554213037214,0.5474778685850299,0.13323545346076737,0.8519496725798762,0.4543495388471116
19,0.39164548020905,0.8755412666187644,0.6893606876623147,0.6966768160777693,0.6989427922124937,0.2774154005258679,0.697921233640382,0.7684061020798512
20,0.3774167458615546,0.9452125434913417,0.06692927936774062,0.6392727057592021,0.8227187036867398,0.4528927301407516,0.8876094611693703,0.6031492716411092
21,0.0551708816480001,0.26304441189440786,0.36695972875627425,0.047817801775246305,0.9924611676437868,0.3164546873215811,0.36079329999606946,0.8572490449010125
22,0.04149956679936018,0.23580222713436128,0.728289441888565,0.2501655066883638,0.5794871834443017,0.8915546498005075,0.2670437251590738,0.11761332596851892
23,0.9617559905651261,0.31897112307459663,0.6720424783145071,0.4938653572071878,0.007101555339826482,0.8669531140563236,0.663017100327317,0.17389459404161223
24,0.5786283881352985,0.45753032619914846,0.6258424473037729,0.2563278504605222,0.05740097270890987,0.32531534533817386,0.03055183120843863,0.041283335892188355
25,0.17453612600617052,0.009029162813337765,0.27591479594117785,0.4057032586156267,0.5834250394430833,0.4534634315834456,0.43329088755161227,0.437619364186992
26,0.21030888336898512,0.31397414785615063,0.3762951826189205,0.8005903099551022,0.9800347468338423,0.1729630353143412,0.8094006193787067,0.8784322729132041
27,0.5137667564671095,0.8458300086541342,0.6790564063579723,0.4047585606025885,0.15869830191444445,0.893655158417052,0.9642297737428667,0.5512353077772375
28,0.601622150582027,0.8083089157623686,0.11752160447509519,0.8460976470517833,0.3646208266824271,0.21377095764793075,0.11343056037936727,0.5373865639497001
29,0.12954223423107958,0.8254911559281827,0.4609859090073385,0.4741168201645516,0.58698061308585,0.6008365118307485,0.4634210806220451,0.8979851096286444
30,0.14706395636794234,0.9829773832249883,0.41765781237678723,0.5874320789944242,0.28738138648135136,0.2617816244474216,0.12406243932871808,0.23778044167504286
31,0.9180022996161836,0.12546414898680824,0.945576275592603,0.6059683374085388,0.0921013798002096,0.4105550422049853,0.8122681544737224,0.05585708530564104
32,0.8968966601439052,0.9651168818427908,0.9386818484048653,0.4319773095392202,0.7446526226103806,0.10533143141442869,0.478903133108612,0.1184918777471039
33,0.05999836370935496,0.1544585386610856,0.3377734752984811,0.7389689126868174,0.9612807369745473,0.23894295760912232,0.7223717651602888,0.9295210754206695
34,0.803350288027313,0.1364685443285143,0.9845678916603213,0.3138376626988144,0.11565381714442668,0.8443705813618604,0.4244971222341536,0.9503666483145027
35,0.487543825769698,0.2564057900685742,0.8050418614710659,0.17122126443308539,0.1665768137543744,0.35096879431852834,0.14407519703459626,0.5474335194147579
36,0.7087393063393573,0.03138617668772559,0.7343784093954199,0.011204583340990282,0.23375151649471626,0.9587655452247217,0.6631758547984171,0.025610313856228917
37,0.6785634114860813,0.41912358636147773,0.9276633153844915,0.8675050718745067,0.6474633442539538,0.8031722306330352,0.8440237917480619,0.3553494565485402
38,0.1698582678312096,0.09282665219569564,0.8811332076439192,0.7433070350003368,0.2020426512207819,0.5796089580905056,0.38995031085262766,0.5464247224798889
39,0.6006512664560408,0.6098549497911286,0.5134274728595145,0.8981251364715461,0.5148952297314173,0.4224095592232511,0.38709325274786877,0.7316079325024787
40,0.7174058815104358,0.8165240068412436,0.8579174481640749,0.8945300727999761,0.020202666546677794,0.05494035000870423,0.09376609664253754,0.6779235721845579
41,0.20300438443488267,0.8912522392994192,0.03667588744028705,0.19237369866345322,0.6444445209951806,0.4330438912704664,0.013401391491741133,0.3551463524982007
42,0.7653771580947315,0.822650402715156,0.9174404891689474,0.3682966904456618,0.38605096102421754,0.46576867947472356,0.02771767353768706,0.04782241807854548
43,0.13368834374067629,0.8400775033478781,0.46619799454825084,0.5205645550746483,0.7928409621964371,0.6519049224055627,0.13410512969284916,0.825628159367627
44,0.6098314695466853,0.7435392891741034,0.5442870842789543,0.5963339553267483,0.31552526470995435,0.7635546144862236,0.8740428615796185,0.623919662857226
45,0.5315493003020225,0.1637354057320919,0.2863874714365192,0.7366580724368668,0.14395484026317318,0.9138105535910768,0.261840241641605,0.44173668961419243
46,0.5152291803555511,0.7805693896560648,0.3595808365279307,0.5352212474964524,0.8690094450560932,0.5113963836311326,0.018666962422061006,0.5770052152142056
47,0.3715006713736564,0.44691923339922035,0.9656280160871855,0.08113118056387758,0.35553824159250746,0.619900232306327,0.39897875060477084,0.18651280490155941
48,0.16129458161717758,0.9190298629270804,0.69967244206311,0.2047280611497525,0.27195799054605796,0.48348999036665885,0.08161609312130447,0.2857239113535748
49,0.9954416091680465,0.8063031036106105,0.18476853984719233,0.5423683966176809,0.4967995909696049,0.7626333173588538,0.9733236155773228,0.9052013073191435
50,0.8406544687757661,0.7857386664436723,0.6486801208416357,0.7977809470143914,0.1540512916499741,0.10643404462702188,0.259670491478871,0.5019589163254107
51,0.7425292407784531,0.0014549911772857582,0.32737310022427846,0.16504794029222847,0.21886812900040553,0.5345628253351585,0.5564381982871819,0.5210078139334328
52,0.5335152391891556,0.17731833415381815,0.7128861386622871,0.7368932216453071,0.42721231131377213,0.9579009060171344,0.03905035513504174,0.3888040490022111
53,0.0027856852095303752,0.7916897289551007,0.6565119815421584,0.2798745112830592,0.27518893551310875,0.034743596555501965,0.024395062498114073,0.2684381508061162
54,0.3598802373309371,0.09765599778496026,0.05043220605071663,0.05308774985456366,0.8465460117189559,0.44950048571728807,0.8560472984004053,0.025465243220238687
55,0.303678325080715,0.4899671582357831,0.8383394548585169,0.30401344423602483,0.35706240428106695,0.786243375747635,0.5525240484157187,0.19229195141110522
56,0.6829535020399555,0.4799019016230267,0.0972978056944388,0.7623105023004174,0.969815913986612,0.7458626142786211,0.916136640277792,0.8428512498200551
57,0.02763475097308843,0.20350049590161934,0.07806246829297492,0.2532980995361792,0.9876588728135457,0.174149013333877,0.3360598660533768,0.38201584923449916
58,0.03476871485928712,0.9350529340324025,0.9211211435341945,0.4827967675204813,0.9246450833797328,0.7854454544971811,0.7590232751380496,0.7486309335739079
59,0.7710907257082894,0.21668921618976666,0.3697662111256046,0.8368569679912491,0.4715310165837119,0.9382918093489935,0.6811409273841705,0.2695223020476766
60,0.06810060036830756,0.8472495526040223,0.06574255397622786,0.04953921268580708,0.2163431212902407,0.5295443145731503,0.033025333108379296,0.9390893895996606
61,0.4891600879137934,0.9260771206342883,0.3175081710486477,0.29354815113720045,0.6050996944842133,0.21343428012395183,0.7228024807902453,0.7633537171367057
62,0.6406914376400388,0.47730674263098394,0.060503523259254566,0.1694666168005836,0.4285486030140987,0.24560179141769145,0.2794467489167246,0.1517951656372316
63,0.06228121411706,0.10588482516167608,0.8931639724231478,0.04800772588164526,0.01757819759359247,0.8954749959970039,0.3108134512048718,0.8242981368813607
64,0.5497993162880854,0.4465916180792251,0.7736051252344187,0.367665802798393,0.39332508949488754,0.24537267066913393,0.7211834927799454,0.889363130760413
65,0.8637681195710701,0.2919124255900716,0.14340794329662543,0.3040794546978427,0.908785543307931,0.6538345280143837,0.6620714533905657,0.1507588562801424
66,0.049479532319859354,0.7092078689046911,0.1408410833372845,0.5247158914587503,0.4452836083514182,0.7689922205298608,0.9913293907348935,0.2657274201361338
67,0.1034841842149754,0.8810051217624588,0.4886452920304555,0.2858564137797789,0.10151152733375435,0.20531982870520038,0.3488660358835938,0.11652356520948959
68,0.8008601470644847,0.2972598420021756,0.7974646483611344,0.535994658897692,0.695291331380252,0.6127430129793914,0.8226463040749737,0.6275982780332344
69,0.07420660510597177,0.9834187527847769,0.7965080021740595,0.40302486791334513,0.3842238305228661,0.45689365685492755,0.6439922290912327,0.1954721604687204
70,0.9922519745206688,0.242036109460391,0.46485026444064426,0.645679783835362,0.8830834209822752,0.02961370605500968,0.037182851876431555,0.005110657999022217
71,0.6322241720204599,0.9554184639969704,0.6891380093148644,0.07757336055611541,0.6755308170350509,0.5649716881884126,0.8260133515704258,0.6711341108790687
72,0.7053174731413382,0.2359314317683382,0.46158315589482013,0.9104425116475875,0.857527288186114,0.37299782320786956,0.28395030129522036,0.7269459368348553
73,0.813463796411192,0.34373489106873556,0.18791026842395075,0.05205763136136832,0.4238946980388235,0.8645389284040838,0.9338587051244882,0.9877044285542806
74,0.8420226008536343,0.19149318814238048,0.3900824503499749,0.7022953621496678,0.6959942088747794,0.20294004109540242,0.7320368747743066,0.7501459564219604
75,0.8323770203835035,0.7122258700254027,0.7801342329733139,0.7222956827359885,0.9364360671752698,0.3330210515660811,0.5263517265191529,0.36319746818369214
76,0.5635340674051504,0.19618515445621543,0.6369972469068883,0.19248429250743948,0.9065848876386253,0.39434532079872453,0.8021934178876862,0.7581652638411726
77,0.9169139954434578,0.3030076166561144,0.42569699764014124,0.6980716848129882,0.29847866274427126,0.3498184569768933,0.5386535547475564,0.4256218189308789
78,0.3487463848967961,0.12038319259510533,0.7722402670556293,0.7306065131717622,0.5054441969259948,0.3358565480664556,0.4074792556036664,0.15553248004542342
79,0.7767013325545662,0.05782884327094362,0.9496077829436864,0.7183389039932857,0.7466112562213895,0.5068253565539694,0.6983315549785026,0.35772267767452415
80,0.6502555204439827,0.7965892440669233,0.7243309662988436,0.9301799611276127,0.7744303432499157,0.6718897981522906,0.33432356347369685,0.9283363749081641
81,0.706093998012142,0.5359664920084922,0.7214954291103889,0.8568460553952769,0.7666195424929646,0.8898713965374887,0.5029197684514171,0.7740109117728214
82,0.8414606089298631,0.11443227549059765,0.08271143732806696,0.6509658122098009,0.19905690619232874,0.6390631625534738,0.28094691312127706,0.46445302937294164
83,0.9609502907125076,0.12176919394081076,0.18324423130780454,0.6751515461197248,0.8660450761771413,0.8799329007586187,0.7690300877403421,0.569136695947941
84,0.3538559884145781,0.3457307352164536,0.9981819297815827,0.931436963029384,0.4008073322691421,0.7563845399059669,0.16254971939639273,0.2530020331058015
85,0.46231725780709587,0.8125010087494734,0.4895659188554937,0.738821206329039,0.9838832208440901,0.492513751661797,0.06726092608469958,0.6168552307250471
86,0.8198462898644447,0.5599168136500517,0.2521007093339067,0.503736611610832,0.6398848336916959,0.4543355132643905,0.163203620729362,0.5969265756691212
87,0.08725340767035816,0.1717337006514832,0.05217008377725263,0.09315180793535993,0.23088853622362515,0.5259419893455167,0.44039424134636873,0.16423420768575347
88,0.9482109693968946,0.5756422745043069,0.24039569704036146,0.9534243124779493,0.6409173000849685,0.5046921712474224,0.3065161362519089,0.8373300313391621
89,0.8632204906622047,0.05190610557438069,0.875372279515874,0.5912122305802757,0.5132140934993045,0.5857179081331008,0.41515565949847744,0.6183928537093334
90,0.1334597930800535,0.5135832549831036,0.2796890700329564,0.139537535319749,0.4739606275112779,0.7332918865079905,0.45104131241671896,0.9019409664982255
91,0.7404326042296345,0.33636731096092864,0.9757964065619296,0.9648354457442986,0.6368833163379545,0.8511184241156511,0.23204950577590844,0.9208231312035724
92,0.056290162165723134,0.44023596380571206,0.8384990603607868,0.3547704932314826,0.3821744187220454,0.7875434292631895,0.38286588262442534,0.9673736816947981
93,0.1836341869917829,0.10594619237100977,0.7638632599618916,0.6833235959747307,0.33268223417485787,0.6818132947282823,0.6011167031624544,0.16138834546604197
94,0.6995760735088694,0.6567016108695901,0.1181751683511102,0.1737842309800619,0.4295040968114512,0.09446451009384305,0.6794377915997928,0.1771397899148337
95,0.3042976933034709,0.03978139619869925,0.7826419421860591,0.7326155447427047,0.7838614452900335,0.11111387803476203,0.5912145266568234,0.8227469345248778
96,0.27804693200995034,0.6605453700817806,0.04644250322151644,0.18408779352543314,0.3832911206647126,0.9093541016318502,0.33533889123876304,0.6796835872284316
97,0.8220433597097826,0.692028509895243,0.3983030695188118,0.8928139509027215,0.3659326327883451,0.9827471323189805,0.2338676283717378,0.08987726708028254
98,0.3499024698463178,0.6730269840814084,0.5091138805914499,0.9326945123027928,0.7166366816095135,0.22087077778422282,0.41483467109731076,0.07708111931884165
99,0.33911875664624935,0.363511934578422,0.2599411173911277,0.016745916069088707,0.4069617924917873,0.8441296676099449,0.04898733562290247,0.3102729491590279
100,0.13854815577368407,0.9163060862442965,0.7256595513063921,0.4478418930868421,0.6920678040254603,0.5905551525490697,0.7468587375638224,0.9429325809890176
101,0.8126548300437471,0.005304216354058089,0.09572463833905565,0.7092459316070014,0.8831183776824765,0.844487004011267,0.5751089880648494,0.343908600590633
102,0.6902774481160633,0.8865980909978967,0.46192896240601744,0.651420250565526,0.9285458468138549,0.07513319943919317,0.9310082331850652,0.9689139784874383
103,0.21932235375236409,0.10118345972923026,0.16897190124321637,0.07418473307314477,0.25308406046388876,0.7051036259210949,0.15195506958351568,0.12734638200035686
104,0.15010734276925108,0.3991006869610856,0.7111356500063835,0.49184203626693757,0.8681457396017156,0.5676412115028802,0.40617813291953575,0.9610579851552726
105,0.4327323221498496,0.3847166082279222,0.19740652430687233,0.46385270401303924,0.20747040921769988,0.21718668245263073,0.08195959883757642,0.5002945122758475
106,0.6075988972975708,0.8334674053982297,0.9167597170805661,0.2286154951238617,0.5647869936209323,0.718643021640529,0.3147764856078932,0.862997910981915
107,0.6740010355378183,0.5930543317113671,0.1009188723237493,0.6429852419791892,0.8329080237106076,0.9193700316788074,0.26162596520577197,0.6029132799714557
108,0.022689200222061334,0.6133333513505784,0.7017042339668718,0.3295820817887357,0.22777758573036944,0.17986859842606906,0.6998458977884437,0.9051640615986926
109,0.5934780467688746,0.5724690703525972,0.0686835862174433,0.7580400509197678,0.4052043752812772,0.39853929532452004,0.5148307981726902,0.33787180932697436
110,0.7926166424697002,0.5409587430935733,0.004737033425406101,0.34584646538109276,0.7030721067455271,0.88171253715387,0.7096618011699573,0.8569925624644572
111,0.07728481227606043,0.29777394801285884,0.3615171854380299,0.2586705753147601,0.6344405592513868,0.1736009741331347,0.39335022005067466,0.8534719857257825
112,0.299325726917123,0.49880503131848897,0.6203364736888913,0.18309116290502492,0.9868786959848846,0.6591743753742787,0.3579492577927448,0.12236697241982764
113,0.12955843010883183,0.8094858230734877,0.40521539689575625,0.1406790378777445,0.8410167010523193,0.7956404332909622,0.12015756862442484,0.5002780980128404
114,0.5073813856033923,0.9975418336870292,0.8368336421192616,0.7055418112934754,0.294051613286224,0.6685828996295702,0.19427564189147672,0.5991841433079989
115,0.07215312976489996,0.19436935672034394,0.8483978258226424,0.21290910574835686,0.9096065457910714,0.4715987886835422,0.9776860897774207,0.19089461386225381
116,0.043907566247275875,0.6875593262959974,0.13927574534103992,0.43309408433751784,0.6341419179895899,0.7065893678040732,0.6428304981733656,0.5214482781362217
117,0.6952988139001272,0.14962979954459976,0.9915344046842354,0.6811196234501915,0.2798230242360007,0.1732749116514425,0.7865958467863732,0.7218407278051108
118,0.5543554459004104,0.12969438955006451,0.22162066218262255,0.14706653315837837,0.5701388278746594,0.7542958653315991,0.7130241935363903,0.9738475363883503
119,0.09479054638220419,0.13654087805626314,0.9909327217475632,0.07228900389847426,0.8408608928891746,0.8832708629026564,0.7945995238160546,0.08128875131129054
120,0.8501535594976454,0.8606625145478471,0.9294545500480067,0.8558217897207799,0.2470511280367752,0.17662055047263658,0.018733617766943267,0.3612048790940111
121,0.030892369688576227,0.02624939011263805,0.3464936524707317,0.7529214996825865,0.432266932028443,0.9594408250984883,0.480632003155685,0.42024778960647047
122,0.4231925031476964,0.8806361465845869,0.7387168400855383,0.3643846989142083,0.9286173614227566,0.8173798310705411,0.7018423503583517,0.21832788990391316
123,0.12000159158541901,0.5008965902631626,0.03132139425688896,0.8734263526976884,0.4714932749982186,0.8799105840134495,0.9640251855066361,0.5343384633673293
124,0.22842658924765902,0.6037063924170765,0.5611083362464764,0.8376272785468742,0.33554228788196083,0.0014418990442794932,0.9580074140192262,0.31426529689886484
125,0.10150178058738957,0.040817549450617996,0.08456921344734147,0.23299766079494766,0.0744326040810932,0.5505993155364075,0.5992796201196513,0.0614844833465501
126,0.27684956860649046,0.9371168590060118,0.04173929030472823,0.05407620229261789,0.11268765980406792,0.44660975699145755,0.27323770623309707,0.6329667224485287
127,0.02272867133116241,0.650842420792914,0.8329364104570577,0.18012586166908795,0.6676950442513541,0.4938084308808036,0.8092499339845508,0.7446793623895301
128,0.2331750611889617,0.6413334038381693,0.869338157040941,0.8390714303013513,0.044257855294218884,0.1526794604184054,0.2880409315438084,0.3082181228664488
129,0.7899218243223508,0.14623610682150634,0.5998415786923611,0.7136540552948764,0.604246263870173,0.7533872069023088,0.2930667636629807,0.1783253507927608
130,0.7787665612173245,0.29566297614585435,0.6200008163184593,0.16787102132594445,0.9025222824911108,0.6659103975638443,0.20494455852639915,0.8051644488675296
131,0.8768056493752894,0.17452539653470578,0.6206376302725771,0.9406862667608281,0.9834355092103946,0.41611923235874626,0.8000294199114661,0.609806028260263
132,0.9958735870285639,0.5490784337852521,0.7160972507274734,0.3414522520976826,0.38378098793850357,0.23718893144088993,0.6167491833491099,0.30458587786740476
133,0.2658280784386089,0.010045149980010493,0.43142179361789235,0.4675905290999771,0.4418456844341021,0.4832146956465332,0.27024238649070975,0.3897330943607673
134,0.2125111642288361,0.2448119823433168,0.3310321514804324,0.9502859110598191,0.8266667085881803,0.013084601705115717,0.6045825220330285,0.0644079487677115
135,0.7278914044009276,0.26801072815337657,0.10618259112141104,0.2774792178429222,0.3898632932132199,0.9010772347869221,0.16445804329404623,0.12019170159370729
136,0.6011921156330576,0.5998834500587308,0.451505527223089,0.03429814087915217,0.984459033134271,0.9128605127825492,0.755436801346186,0.45589043233177895
137,0.7646493007344008,0.4983028542934166,0.5353327110413377,0.27489210661417995,0.010986955481646854,0.5495621021854882,0.12102592081553287,0.18478643498338454
138,0.25734159126527534,0.6558584252266167,0.12377387871687473,0.6166175824736259,0.42117572454248264,0.7393004872977605,0.16680392607054206,0.6890218817240895
139,0.5793440276780194,0.09798858236673735,0.39917410878615167,0.93541150544221,0.9078698730997851,0.8409793954605936,0.967724746679812,0.9618740248854422
140,0.5887461820266008,0.23536483725772794,0.060185073961619984,0.4562912907181489,0.46898324513823264,0.8373245085709263,0.6201776183564721,0.5998038060079556
141,0.7182692965347522,0.3169108929322657,0.3647182979058765,0.543794202004127,0.25376067588186146,0.01951197323253917,0.8918110346657062,0.37233920966979006
142,0.7663038595631808,0.09426509655250903,0.8924547179883557,0.9219634239928595,0.47526005585703635,0.10689346566962366,0.24448108758469766,0.12262048242504664
143,0.9343124919067181,0.3519795352442009,0.9515033125454306,0.17813788750824688,0.46185037543649676,0.42012905621935615,0.5732385194951595,0.5777827923185126
144,0.8482570761259914,0.05158394561590052,0.057759572686429284,0.9698925185070698,0.17712349233221292,0.8339321001558335,0.6184243062089041,0.6450107700081334
145,0.23606668788433116,0.0010190541220685967,0.6937717249821187,0.5666881060777199,0.8095769635521736,0.29179827139278924,0.44737103459577554,0.23710217685951995
146,0.12613996654980475,0.7870433271043348,0.45263465156216975,0.4897227500321849,0.3962599968569085,0.665877183640751,0.7472586150182466,0.23507209168032484
147,0.7633635048751385,0.4635093406455544,0.09416613554653708,0.38791591321024366,0.38291031720036617,0.2799192445468248,0.6457927968886874,0.7822408431298233
148,0.13988099970329704,0.3524459967870913,0.5687592861662525,0.9596410910182923,0.14427518855332055,0.6354603263504003,0.8125159747044792,0.02913546174462356
149,0.793127455015295,0.6661316968994871,0.20704782323184068,0.43313929377966764,0.7393237323271284,0.5025462073192605,0.2734948261789302,0.8292395487160509
150,0.8350475820801249,0.36990219020190007,0.5547466117560751,0.13011470376337175,0.6241069712670766,0.08322672431288025,0.9096296020753903,0.11159388496271239
151,0.7897504622677824,0.7654511208256854,0.8911380168614554,0.4250446558517632,0.1621742226436068,0.8991637549496219,0.2771169145551535,0.7510353939040463
152,0.544153771858806,0.3957618716961715,0.5777633507436706,0.9801542525587624,0.24063594827399348,0.48477687986988827,0.6422770511399715,0.7174418462356095
153,0.3156727428637788,0.1572450851355094,0.04335738252402577,0.44809851800808986,0.28356468613918984,0.23712131798569724,0.28389084164700684,0.15342230086987996
154,0.9903311481023694,0.4827476104247802,0.03186501669527442,0.33546815122472873,0.37037907048954777,0.3363470409683833,0.7027066424042262,0.17679549688861873
155,0.7185637261249147,0.5566306014205977,0.3176819882934929,0.7654859627048098,0.5485530505787698,0.995134329572208,0.2522937746098364,0.49290027755786747
156,0.8411910370293433,0.19166246159675726,0.7990951942862192,0.34716329191881723,0.17374668898179357,0.9589892705442378,0.9480072136847835,0.7008776171621013
157,0.652829740818887,0.9475546893088947,0.06653841545528938,0.42490113616237923,0.9521529701669977,0.4778822187761378,0.11644770978870944,0.3198592109841152
158,0.26802513614564083,0.4616102844847636,0.3199303212863138,0.21661817342275624,0.8920144823535133,0.7682266766889555,0.05434057221139721,0.16459176496759365
159,0.038912522100867264,0.43816558276042217,0.16538223381664963,0.31816716578091175,0.9055060691057351,0.31737785084755965,0.8416632117068665,0.29057173325002794
160,0.3821036336659379,0.9350983852450233,0.3412995258577237,0.7136659063620994,0.9761137683974098,0.673560705538652,0.9040848898994098,0.9828817894720117
161,0.6382946404468003,0.9120149667558616,0.30435806450042335,0.25155736770091064,0.04876109864787348,0.1968410246475224,0.9775674332316143,0.223167976919049
162,0.9866123766961005,0.24672551386377795,0.9559556299742706,0.8347709674876393,0.1976648698939305,0.7279972174302047,0.9455112766929554,0.6381566468411362
163,0.10517636313510004,0.3345507556498559,0.8849105304284607,0.6787893757702007,0.23769775774014923,0.054288207805408994,0.6368647677084112,0.30940764565840506
164,0.08608228862231693,0.4826901171452982,0.9631955674742465,0.51682191803495,0.781473667594245,0.43303130811908586,0.1847728567203527,0.4981069046903669
165,0.443659377628726,0.5593687452812959,0.4718248557754994,0.8786956555567506,0.0767330873143095,0.279995827653446,0.1970185561308615,0.5453384948872108
166,0.719547343837233,0.4529251145509474,0.8273573089718048,0.03064652012993896,0.44682860952910775,0.8792189262038204,0.21601600119452946,0.12429046239558628
167,0.182817155033292,0.9651392783597634,0.0239854574879389,0.7265055526769671,0.02211962395952216,0.4070655668535722,0.17567822996001226,0.6844701431915995
168,0.7550920147523081,0.3693466983439079,0.1442752005731105,0.2287899516795192,0.2874114143725828,0.5737364016090158,0.8658944497672042,0.48130783137533795
169,0.6991919979549773,0.2578613227067543,0.06397404639909032,0.8138476178588012,0.8025792355728412,0.9399402704592928,0.23588043234716805,0.20164414863595592
170,0.6726960226091299,0.8065531814543533,0.5405218513740806,0.2050743965952343,0.6405554736413912,0.537371687894876,0.6484939079837647,0.9994343215528351
171,0.1620228397424297,0.20558413191948777,0.7861171463978041,0.9727210605208496,0.3142974298946617,0.41702525759871467,0.19901354491307577,0.974609080083848
172,0.9950347085756401,0.933809643330645,0.507263499094305,0.05314588362299133,0.19142466488483934,0.4202863148772139,0.007036197562830471,0.5379529777523204
173,0.8132593049312355,0.31085026629130186,0.5516402957623596,0.42400746821792823,0.3126599546900526,0.16908307708493464,0.7329119185750529,0.09177412518966765
174,0.28130280890807435,0.6983870031556403,0.1526664742069097,0.3338961600450553,0.31619738813533194,0.4670624723217559,0.1748171794682336,0.5141447312941476
175,0.8196505321652606,0.7439924168090799,0.9128542897155127,0.4120797207782144,0.1433652768609721,0.5343330959315893,0.49931169547835863,0.3420366304358232
176,0.2272843958870221,0.6264515756287609,0.5950797977256709,0.17887249497545787,0.400384456071859,0.27350943236212444,0.4115567193048081,0.5171334841918604
177,0.5226720165917762,0.6728277059736582,0.7344825479216183,0.385760170162172,0.03272744702264019,0.4005890536290698,0.177409742813327,0.13885620951423006
178,0.06833155334381813,0.6889612151713839,0.8782873171917649,0.41162535761019226,0.7770216020644753,0.7539331655792878,0.5731892028752779,0.8226274075382642
179,0.9066404650993583,0.4508530966339189,0.07164679319452116,0.6437760241634122,0.1061431915901474,0.08812704806540772,0.9088713004551205,0.1708095535576417
180,0.9584244062317693,0.9877736208140465,0.3242109472833944,0.6630737741612879,0.2413271920356116,0.5833429133474417,0.8520220950517475,0.7068180072853698
181,0.17994364530213736,0.006630839488153684,0.4779520981987019,0.5185639573080071,0.07091273410494436,0.2782027570657246,0.49938892369845556,0.3787747183610132
182,0.3861080085451042,0.21440820064680643,0.6808595752785976,0.7866310046118833,0.9440732435586572,0.7986396102604607,0.9593944850837131,0.19854365339178903
183,0.7307791333947812,0.3742315052174011,0.4353975322187059,0.6456626708671457,0.5232804200784762,0.36087080971483465,0.8318786582610158,0.3792950492455962
184,0.36383418299790227,0.6584829301252235,0.8724471330019369,0.4776247824452996,0.5064814539410089,0.2658295194540653,0.38684761115075694,0.9346889555615246
185,0.14362910035316734,0.13856140254494942,0.04687696066076563,0.8610472297557881,0.3612544748095995,0.6747349940468681,0.2262452595671045,0.8403965835051908
186,0.3277001811038738,0.24981615624125775,0.8660314983823741,0.5304691505121634,0.5621037498469409,0.823048520814649,0.8882799633182713,0.2911668765217258
187,0.7018785476050969,0.16950774362984555,0.5207808860614606,0.8133670045235167,0.8659148978778821,0.15722443303330447,0.474823911483257,0.1101487614996749
188,0.5730940311685536,0.055339878515766716,0.8531801978485358,0.13984932465289068,0.7864593434207567,0.5805750104118949,0.4840441812037799,0.36824865104154925
189,0.13066700401847464,0.21775036163925365,0.2661644874770205,0.0056398123463768934,0.2885841904043721,0.766845694949073,0.5773915262665508,0.328317703901176
190,0.6937091996182758,0.21465114331579793,0.9138258875396655,0.2882467828021301,0.7483862009174654,0.9452846245255517,0.5702606814977664,0.03394112897383861
191,0.35332756455763215,0.9770813358377456,0.8888173155665482,0.22469245419097772,0.6664111511646216,0.22829388202600698,0.17748361290049597,0.8756344005252933
192,0.09457385941644458,0.16585571444231173,0.3295519104211596,0.2685895651330561,0.8525881113857431,0.7140255934230949,0.4115489577955692,0.7872671852488319
193,0.3259830867394582,0.05094390150936634,0.5207300719111453,0.557391188150273,0.6322440874787018,0.7541278237003757,0.1978723247049139,0.3631627456851775
194,0.43314300791970617,0.2634915492338922,0.09387085524596506,0.3358937496728107,0.45040396944401484,0.5495504489332298,0.4084058057294355,0.8560017176473764
195,0.5723686190219199,0.9554927437953125,0.2344097289828606,0.3637815069075222,0.9955854542360075,0.003542382629175056,0.009202498500294642,0.10779402612193734
196,0.7335080287479694,0.201956145585523,0.6695465753754278,0.4350190815682471,0.7964189328241751,0.7795938853516119,0.552907865816994,0.8389927478699176
197,0.1651396682999522,0.5753543612533796,0.7829993814948181,0.43983076079637784,0.8111965306263613,0.5800945973214489,0.08491455292424632,0.09937729112204996
198,0.19170866198847536,0.8519653733935295,0.9948482339935433,0.9505825442151333,0.9756945926578245,0.8301933503278851,0.7829515156415526,0.31633581270877364
199,0.3818677623291298,0.7514772712648599,0.6820945083734082,0.4858675145294321,0.7624760010393833,0.09821625324467442,0.3966952510167404,0.6868163078435378
200,0.31940689014812695,0.1555056967093067,0.6018935552746314,0.46725483048476424,0.20931910257181563,0.7155715399976207,0.3944380091570452,0.18114451217702254
201,0.35978437534374885,0.7061437897512105,0.15756240689876322,0.37842343550381097,0.952464542646252,0.7198143050836562,0.9299116248818748,0.0155397525913612
202,0.1613344257919349,0.4697584713067452,0.25435992057891843,0.49764915968527323,0.6732824543863359,0.04912598762666165,0.8000478687078659,0.13761548492868125
203,0.7452782911672424,0.9214154238479677,0.7343189209626487,0.4963260830767451,0.434836447940703,0.7302675182641296,0.9782749710814315,0.15783121222655128
204,0.49307658692483536,0.808973216734135,0.03999500943261669,0.7387808216174578,0.6244995199842617,0.3024921926202103,0.15054076905495328,0.3571568166267963
205,0.83766083673456,0.06752911059568167,0.14686727611625028,0.8482784390603261,0.7040356502764126,0.005229628998395186,0.28636782414968354,0.8834710214392162
206,0.8066477811177436,0.2806058911488519,0.7686531625944701,0.9497050477589694,0.904354891193756,0.1783008056026688,0.2295731946838021,0.7962605846741054
207,0.4126453155923414,0.15608415743423043,0.6949842511631604,0.38592942369539773,0.7923097731263106,0.7137724573001007,0.17483290795818685,0.5459382027222953
208,0.03347853180674454,0.779153006331836,0.7209416736904564,0.29094060889792084,0.512679991353581,0.4212786998595378,0.27687217120929597,0.21100407981839697
209,0.8150117556889875,0.4794263714241884,0.9444576736236615,0.5295849888323628,0.17361068134945123,0.31613372136110063,0.2687482653721808,0.10373289590473256
210,0.03725614225650575,0.6415829613677037,0.3683509038302418,0.6014383246747371,0.030717937019239305,0.6453062616866331,0.9829280725473432,0.7298103343875544
211,0.4368821542952388,0.8794337822036025,0.5846356593413017,0.3308831710037101,0.6019393573536408,0.17358838631908335,0.4016631568408743,0.2515234405030432
212,0.17850039435683152,0.9406779188289541,0.916450183609315,0.4218862206551831,0.19112945349736565,0.6271404382744471,0.4588868898335212,0.5248187168274883
213,0.9158571300675634,0.6101975010237817,0.7543105976562924,0.1030383428615157,0.28556434910259265,0.509898621516198,0.3058443363235701,0.04479632052989346
214,0.9111142614504957,0.30252203162894364,0.34199512388809283,0.20451545026182938,0.8043152845440694,0.49893753410819397,0.24130144821231259,0.43941068220248236
215,0.24292764084380958,0.9701686244417617,0.9514620235950086,0.8232423295875543,0.9338298264923885,0.9548622608324583,0.32034891898454854,0.49467390501438957
216,0.6482830595447584,0.16039119422341053,0.7540051623351706,0.9780024184886337,0.16838055567057486,0.31038017387603845,0.7665424825537881,0.6491408629864653
217,0.47102754502346933,0.9028843997569133,0.6416762012777765,0.3582877887761111,0.8701182508628591,0.2157232529936829,0.013722434947632256,0.9981272696654754
218,0.20506489012204743,0.3455519649832389,0.8378739976203325,0.10342460299708489,0.9995562280937003,0.47296722826890114,0.6847084636142695,0.8442748734634433
219,0.8427225239195026,0.14389232712650935,0.17374194831548495,0.15948020070268887,0.7185579499022723,0.6760165696514067,0.8638139335506785,0.3781716949181172
220,0.3073777243057634,0.2653792890452521,0.5145215581790883,0.30773568724928113,0.15293184999644693,0.9340619980094907,0.4493732041535091,0.1538284645553396
221,0.47102820881895213,0.9263234922785936,0.13443985907209421,0.5994221732588331,0.6146146183248651,0.6707989619426191,0.7741365285526582,0.9101632022694199
222,0.9223357169489533,0.11131710684420415,0.9816665302380515,0.12202539901454823,0.5803291622717124,0.9220523701327624,0.004149592078361963,0.4107974349694301
223,0.1511665773373938,0.9119517903303805,0.8187275474702219,0.32639395636321755,0.9447627276321853,0.16350776259639088,0.9988304582074831,0.37871054907970236
224,0.6703436540423916,0.6786500086349412,0.9831161655439514,0.0006116589193021493,0.7657890102293462,0.8947477841732955,0.2955188391225857,0.8158638178092403
225,0.8999292224576466,0.8327675228427519,0.7709681215244198,0.20628747689521199,0.653939503657432,0.7280594398534262,0.23455949162202405,0.4533027783495588
226,0.06592609140709504,0.7818232595159473,0.8899492862570202,0.43346973664878985,0.8105784811306967,0.19381642835455126,0.3653112821293494,0.054862264719574116
227,0.4688725324106999,0.9154779521614628,0.7672502976395531,0.9423199191286459,0.7524637676782922,0.7933317622445312,0.12328827875631765,0.4627673492512496
228,0.7358740060427336,0.8209344845355866,0.04303067817465889,0.40093833177639515,0.05268013890415424,0.8737168455646221,0.9796125170133829,0.5652366194620889
229,0.6594827864120343,0.05791279648182157,0.2819299337194734,0.7536994679939608,0.4666788464427366,0.4817391925019143,0.10148985430037838,0.833893176731001
230,0.040437253524575056,0.7871692329714566,0.20996773343088893,0.9373631334665361,0.3145879432180746,0.525108666323895,0.7890099835162497,0.4668499896813527
231,0.01207848954406121,0.7688815307956585,0.1620391179417804,0.28765568626700666,0.8054822085484017,0.2285001922315434,0.5940740589286252,0.922470806159551
232,0.702518878368388,0.5103169781519972,0.7968831425836154,0.41005468611684326,0.5956608324213718,0.5489405713112724,0.18448059957890195,0.17825920234110337
233,0.47985674491265273,0.09754773742146605,0.7222508807059882,0.94617467023415,0.7010600586714127,0.9287442333997209,0.7952677198262007,0.07985013146013809
234,0.0719654561478329,0.3725830171275566,0.7808505572019365,0.8248452607467393,0.14233053827577524,0.0784681501216794,0.9832989158472965,0.7776293086643901
235,0.09419147093153857,0.4781449604051141,0.23945374385673845,0.39471057772600926,0.6708909704332081,0.9310423712073119,0.48381941546167606,0.7702540004949965
236,0.8495411719881479,0.19070813728411018,0.3205475889107362,0.9660934248558085,0.33243686548644746,0.9549321917827298,0.6069759717721559,0.3658994618536422
237,0.8101446041575305,0.26836072301975533,0.758925001290299,0.36724712024457873,0.3140690063080994,0.8320845878256449,0.1627605258233743,0.8133111944180244
238,0.8009777961825306,0.26964562446529095,0.024903580930693114,0.34472173218304303,0.9714366934956837,0.398111415722997,0.7580734869082367,0.23315700346570134
239,0.7526619263716755,0.07414033094096184,0.9038517516681388,0.30401821683403374,0.4460511889484571,0.7812043581519985,0.023073295176572972,0.7280430004375558
240,0.5464117389562851,0.536455707694201,0.20967725453956865,0.244741687775491,0.04195384101811006,0.9269138800480118,0.23433967232135877,0.6083579116911199
241,0.18357382195668015,0.2731604796410443,0.48824135182506956,0.2856833320508517,0.1643713207689681,0.5384371018187322,0.5190354531633509,0.6219483740314704
242,0.28636844520937255,0.32374866622258036,0.7671232044427521,0.4695756671312268,0.29897325398601315,0.839223405235473,0.36256691917434214,0.9704736409032089
243,0.15863252526408145,0.5351325730623883,0.3547858477652388,0.4566836151057906,0.5655259206525641,0.6535186592829079,0.3360463043060713,0.03788469073869771
244,0.5796766537643203,0.15283999633132028,0.8281103085044768,0.5236500728420832,0.8169612114901802,0.9018069090242593,0.3480071025214837,0.6772514596250446
245,0.20195785441621283,0.6405839082133157,0.6207134791660037,0.5782596456814026,0.4254813672367467,0.10082289477545181,0.6424310772477689,0.8309631136266089
246,0.16085067813724097,0.011514451166643624,0.7721059176471328,0.3319945014413608,0.5463407893652283,0.7578035222028087,0.44133609855332656,0.4340443610490201
247,0.5835195940382322,0.7157739167425748,0.53877487098272,0.5212713698448664,0.9085876930398019,0.6560827472248346,0.39331160447148006,0.017798538544856024
248,0.8585989377828949,0.9357191163485754,0.9626585020049798,0.46461264347543885,0.3519705249679791,0.1519948209765627,0.9066671439920767,0.6503867746887039
249,0.5727534598785021,0.8991209804875424,0.965128744888446,0.9300897944010127,0.9207704695510383,0.6104689623141163,0.07363738221023453,0.02912735247775644
250,0.28775967170519556,0.5761965079928525,0.4804746333375228,0.7852466841616206,0.336317486981211,0.23360922054825417,0.6431000795611254,0.11582778303341079
251,0.4943814668724481,0.06511569648096593,0.19098146385120196,0.20789026008628642,0.9667230770404441,0.10381495688189957,0.5675625491741849,0.1193137350608876
252,0.660660823809377,0.827588327676789,0.17597555869257586,0.509368324767994,0.013987430369679865,0.8066362861824945,0.5182242371433814,0.7322202323229501
253,0.05037753982728155,0.055598735487083606,0.3789077550079186,0.513613811715571,0.42929745860879753,0.32150488419199486,0.2372307936350384,0.7073989092610491
254,0.46635420381115766,0.08186127910286267,0.7748555775911152,0.7346160765879802,0.9757721452832556,0.7426083307594584,0.975895981478641,0.98834923022741
255,0.8155268045764433,0.34744347818047894,0.5226643113642687,0.4662883118438462,0.21033327396857793,0.7442919702269135,0.44678173898550666,0.7439037620262003
256,0.17448154896531765,0.3499422984048418,0.6499407953685655,0.5770616510437899,0.07868731874179091,0.3053737818321226,0.9774845862434243,0.4667288193463067
257,0.4931528417508312,0.7331486600363254,0.06954685138176209,0.2977941664873762,0.4591419569881723,0.9261792740426322,0.5940922135962032,0.8947521110802976
258,0.3152349576904899,0.04273185038153915,0.816064371364887,0.025645333845696672,0.9688073112069121,0.24951075841709291,0.04899097097440064,0.9791107972177344
259,0.8124944742213646,0.9476707857668395,0.9295371345597248,0.8298629195013504,0.3032467300995134,0.6123339469937789,0.10575523859986724,0.7282484225559114
260,0.7712755272379085,0.08864424454727204,0.8890185300897385,0.9885657329149912,0.33076462283684915,0.06468007173406864,0.9805382303040193,0.5893127849061982
261,0.5101877831668712,0.7262725650851684,0.5250664088842837,0.5777387118024795,0.8327256114349945,0.3288642136041281,0.3769758905828682,0.6357029684646964
262,0.31741370317507134,0.46949258915676595,0.7426074324966156,0.3755338196120007,0.8309313175480397,0.3077874969307516,0.018490174083858002,0.9607358605718009
263,0.21963930742247384,0.10248604275942874,0.8241395289608531,0.4363737740716098,0.8823556001132397,0.34329619085036933,0.7740006100541253,0.36304086262265034
264,0.957984903576227,0.4469007904823483,0.15858235297685996,0.49883501401025054,0.09011333111423525,0.6159562023241044,0.193640742394957,0.6135329489402865
265,0.16825050490130533,0.4986114730240423,0.5976607447550296,0.5943224815643432,0.15392173442121582,0.6144633964410134,0.47429660005964125,0.4557884062879294
266,0.19153786379294235,0.6227463144544682,0.08853178334697198,0.08044581882900903,0.3159607679819012,0.4170428319418993,0.6290914376122985,0.3250536989804258
267,0.31620630599251376,0.2985304467863106,0.6087297279597391,0.30983209229369046,0.3410911391802429,0.28048845476455353,0.8242224855273016,0.7175025550304249
268,0.2341866804576399,0.35210668473244444,0.28663299554010013,0.3869137132492305,0.4607738884982001,0.7013839800479036,0.16127733791196774,0.36602076836417907
269,0.9620084822640513,0.08084296374604572,0.6493533872203907,0.909812744724312,0.43983564474382253,0.46118713649581466,0.6938876585841643,0.7289924548658541
270,0.35800696954242583,0.6546357473138116,0.0772202039895854,0.1719383383091403,0.73892332214887,0.5479728952955594,0.7643685831892222,0.23504111848289644
271,0.2621438119330525,0.344562637718522,0.3155952111143271,0.3024839272905736,0.2387419930192629,0.05331553340774953,0.6950123445294492,0.3027676862456674
272,0.6151298560905163,0.7628045739918576,0.29585743178415225,0.9160780719470513,0.05014533443465352,0.8491100952768047,0.4375227549036529,0.12562984362231766
273,0.2608101125510006,0.3087150143988091,0.19618725091853273,0.358317871693704,0.6667446626440743,0.15618436382023915,0.6919150454962372,0.6069335238534824
274,0.40763562260282526,0.04914712963126,0.6775000500916906,0.43222064563367435,0.5766509293131675,0.6914777068355848,0.17922663650761128,0.15787796712946567
275,0.2537512919017617,0.004190302490217679,0.6957863717506507,0.8193953774464892,0.032941555531197486,0.15226223751060408,0.2653826260653789,0.795025724675322
276,0.20581388062421724,0.31094756384375655,0.5509840918165321,0.3124735008877101,0.1274337810627849,0.8183245449696935,0.9016141066800978,0.9007273256217628
277,0.557062750474304,0.33386025376488593,0.43681635604248603,0.3166994879856402,0.5050351883589034,0.5108911484856488,0.8687790163492294,0.8276466371613994
278,0.7613942756245722,0.5597991871713444,0.1044072288748612,0.3054260203852506,0.3240443565212763,0.6456857709076119,0.6515922240903635,0.1550566347897494
279,0.09891370811210176,0.17822782185857122,0.01777546254950224,0.08355589782385808,0.655604857240421,0.01300092104120909,0.8754335797849381,0.14910681206641407
280,0.8875002006795869,0.5088984578254224,0.4570717369690547,0.17380843863218964,0.44677142957641225,0.6429364557652848,0.34542005450848656,0.6914506511647879
281,0.5897346929559006,0.6975866404282886,0.26658477836378736,0.08122761925428024,0.2561542944471503,0.61244043564113,0.4344814923434859,0.7140277217000767
282,0.5811062852658213,0.274645157031032,0.5661006712025577,0.8887867284353179,0.7944629061542526,0.9768417697218955,0.1831477777913032,0.3648830678724654
283,0.1137366145801666,0.7833950636477446,0.5508766678741784,0.8957809038414526,0.4363736524642059,0.1796640996091451,0.1528546062808981,0.41945602445214536
284,0.4961200425511433,0.4196948127407375,0.5639157328770154,0.6140444159414093,0.4031525843562648,0.5494579102883582,0.23402591886666668,0.35124627467708136
285,0.09801095395529813,0.5276932385189003,0.44014804380137074,0.040525858224692235,0.7702615724280766,0.5862736000994028,0.6209626161322774,0.3016414251166215
286,0.8700553008221412,0.04955911045832995,0.6038656906378854,0.3453348390263915,0.3334368140391798,0.36744591907204627,0.15155687078020386,0.46870226108743995
287,0.08915061876155483,0.48612363852212825,0.6129180261296118,0.6734062448538685,0.9693612278360928,0.847019648681488,0.4826562236808518,0.33387993139461425
288,0.43095295974387915,0.7904313190104679,0.7265678811564621,0.5363200705007647,0.169721162669502,0.03893764289208157,0.5523432438599488,0.9712435081316322
289,0.04159153725672926,0.3889204510693579,0.46042626631900574,0.5323730284380072,0.33173491168245073,0.2562784989798269,0.705300844615179,0.2576551849869606
290,0.7658328795252379,0.03620793580428339,0.36715136979872354,0.4402599792348114,0.2882574989564818,0.17256703613590962,0.18809604307461125,0.4206754425349466
291,0.618796254587155,0.41512757343605355,0.44189132599560277,0.9338584823067936,0.720951469258326,0.9987430593371193,0.11554055798095297,0.8954803213743991
292,0.17025799912703177,0.7914126745931556,0.07701017319512482,0.7102324381218015,0.43410116963133005,0.6597798033377854,0.819627658792925,0.54587874415255
293,0.9211797694213344,0.4600621993938675,0.5995475940286663,0.2733979049491898,0.2849724441833491,0.08143508739907557,0.907988819590484,0.473164808540664
294,0.5584524205648621,0.9708662668305037,0.31816141728901637,0.30143894676642735,0.6927195505238994,0.38488458412528703,0.6422993257889278,0.08229175712748171
295,0.9877351899443226,0.6207434605681074,0.3276335911443268,0.8584832622731023,0.6604725357235659,0.35148419071626125,0.9578564505464255,0.9053357839851185
296,0.15208895786848908,0.06306657943441407,0.7474922656194664,0.3477114742066918,0.9246000778203588,0.1899470071259276,0.28317421014859967,0.847711406051943
297,0.5972480686000665,0.7803131272527213,0.23359551739960882,0.872702117107345,0.7106276791192673,0.13818007500354135,0.2740699769307522,0.07605478366287155
298,0.37113868335833056,0.5821972872929957,0.7356691599105915,0.033968017656336946,0.6703272075555249,0.33968201600969605,0.3737868767550264,0.30905062870003464
299,0.9891867175077566,0.07469074029108558,0.5824919508248838,0.9805015469098654,0.35947928473798985,0.9396565249117962,0.2293679398249735,0.7852485338457156
300,0.5008925001030445,0.2708004224163928,0.7965051917957447,0.014775712185816747,0.25233031474058354,0.6988263728092001,0.22690444839047996,0.8909652075448673
301,0.39968887413496335,0.48144102181793635,0.7534957727862283,0.33032651052363593,0.017125916141122022,0.9730289671252699,0.8158881917704742,0.20964932965617777
302,0.6997761466026635,0.5968009473385093,0.6009898006371367,0.12713983336077872,0.17736262522839785,0.1745610367215117,0.9383003971356046,0.02347555926204281
303,0.6408230856539802,0.8319358172333556,0.18143392201410857,0.07289775951847399,0.04533112437862907,0.15049710468991062,0.8781819096534517,0.12414802608489128
304,0.24095561509235464,0.08645466670836732,0.9070049590839042,0.6862731241032727,0.6066262799299376,0.9971205705213761,0.5830757517749687,0.10148039400807785
305,0.9276865869234705,0.901132224345341,0.1057485443728573,0.6318969473596291,0.3852114732920491,0.9419881496107009,0.8046338204119395,0.3492012830976343
306,0.10338740101567023,0.7761323744017311,0.49921710013253684,0.3912663099541982,0.22871642693737937,0.7111968419911181,0.6833851347507162,0.13784698501924997
307,0.9552065581762224,0.9555709730888653,0.2460943100713857,0.7098328831809394,0.9168738720640472,0.6571089108319249,0.23522146990420623,0.30669066463411876
308,0.5576823209500565,0.1290553684908724,0.4873549391442977,0.8329142993478859,0.7312248454723607,0.3587197918575209,0.6972330181539712,0.7806817996491254
309,0.13416385151198607,0.5355877052178731,0.3583128847057774,0.09074653558019263,0.10247990143845465,0.08639717502925648,0.11135988567514676,0.4285749889670921
310,0.6242091480426082,0.9163011951895589,0.9675311145730718,0.8461559096288721,0.32189805106078717,0.7180271685392141,0.15458510878282106,0.07668133978937819
311,0.6403193813755867,0.053574010301714825,0.7003282598179892,0.4859371932580032,0.17517459877869446,0.9304071298202582,0.1788789051801083,0.042369406932618814
312,0.40490893548621576,0.15045941785095318,0.3457177737658733,0.25170186731797306,0.5526349048713334,0.4182348560809793,0.8074445230200297,0.12458639921046044
313,0.6742959243561887,0.07590032171841143,0.28166462625674826,0.6851609812111867,0.6750886705488643,0.5071381526206408,0.09039279551360002,0.44154765739788937
314,0.26379251694958183,0.5244368855443137,0.19817676941789608,0.88625007658447,0.5748265810084777,0.6234378247368195,0.3732145775044181,0.9525420215351743
315,0.7047629926568334,0.9391765859651628,0.5533502944568595,0.6006936195587921,0.9543067445987297,0.2016665637818542,0.5986728512954247,0.6483874386760444
316,0.8175944742268197,0.012998290873897922,0.7408244273216211,0.4500346845174451,0.5194987106777343,0.1777524266624012,0.9629633946991183,0.21098833101199033
317,0.41735439934860197,0.062489125603275575,0.8313664912591037,0.6795358916532407,0.2094236477386655,0.14694553921870612,0.937645066949062,0.3159442955585807
318,0.13309447768408733,0.04353305411307273,0.5143775970988111,0.08028723190396281,0.3156732839119173,0.3545817858559893,0.9243637001358955,0.42314531903014263
319,0.8934097740263645,0.4637574877719475,0.39267903215831557,0.4433602094658584,0.5416868720997768,0.8402524897763473,0.4125555796478725,0.9668855478402595
320,0.5853409015802218,0.9475093469538435,0.4709825514749997,0.8719106389905211,0.23853266353060676,0.2162502797250181,0.5866035496287267,0.07531486409376997
321,0.38365926432270947,0.3847155115087382,0.9762834177330945,0.017175309259366944,0.12733096199505745,0.5181637279963083,0.1562209173704976,0.754447123222037
322,0.3375788936222034,0.7840193799923063,0.1710393991296668,0.9512120977442962,0.009856181636425432,0.7079967212031681,0.2701003399281139,0.9773899454736488
323,0.8096646841133454,0.5998981770393438,0.3830870996369593,0.13467473605819025,0.12273058982736218,0.4684797348732972,0.020463035471349755,0.00716394152475619
324,0.8719635778515464,0.5534202364311911,0.8451876851668415,0.3390921558577269,0.312354728836132,0.9672188355067747,0.8108761085242406,0.1467146564463344
325,0.7063868207879385,0.09007405075523045,0.9747896939511977,0.4683042704172542,0.9313596563957991,0.3999353891943437,0.6105193733632993,0.31987780074158667
326,0.5738826735425976,0.9962299380718285,0.9359180247539735,0.0839670262558807,0.12918887779665855,0.9481934137258405,0.9506489989176974,0.08845560154266818
327,0.8140061188746442,0.26171548623489893,0.3753389243184213,0.514624408105117,0.016049804259759437,0.8042041226461308,0.8687569661227913,0.5401284057777398
328,0.17906710681456195,0.8939768708159206,0.7722389749337685,0.3071318038192593,0.3315630767136023,0.2081483562048997,0.6998418087516186,0.06050289318464164
329,0.46948938650282923,0.129728842003193,0.8494048642593948,0.544725993285614,0.18819061825488614,0.9257456449327519,0.5217385320207903,0.9821118185147363
330,0.8155489554988596,0.7196763023743054,0.1320098433766964,0.010323512085902542,0.4061466376502858,0.14407762862794504,0.918677850972073,0.27180172024936844
331,0.3986035501335248,0.509910450719173,0.7614383448946426,0.798407797371178,0.6971473245684634,0.5939639864285963,0.7029994703016181,0.15280741567778422
332,0.8456025886714869,0.7412902176518809,0.13342387049450666,0.9828486133684933,0.698703320372206,0.4431613401575366,0.3414684628903284,0.015517745791282733
333,0.8221438206648333,0.8863548080760437,0.6291667467504362,0.7417683348338556,0.3775297663659921,0.1433503011586893,0.1351703803580645,0.932868674152399
334,0.8650704438652774,0.41915454594848744,0.6469255107930746,0.25114726410403365,0.007707003336556162,0.9431006427839492,0.25385653337711833,0.3465414056245324
335,0.6195199052799609,0.4575271611063616,0.5487840982727237,0.7044403291221321,0.2724253781356114,0.1922729180226026,0.799592366248154,0.000985546092572287
336,0.45122799663463,0.49934840513870205,0.4956427078884368,0.7632240557383615,0.25484461981440043,0.29448257640327835,0.15584120850121352,0.44394767128948376
337,0.2636704780417949,0.4526436219919002,0.09310988174262991,0.8881652294379154,0.6086833261232564,0.7583456546817052,0.8384171253990627,0.4445398418725174
338,0.231462930327901,0.5526521722487077,0.361948271000211,0.6390765480263727,0.21242034981867375,0.4066710081809892,0.5079153411652042,0.917452349063314
339,0.07283319661410159,0.4579521041248842,0.40104102424921273,0.030977684318992615,0.9453807205630252,0.8598767940051932,0.9440196686950916,0.7967270008643211
340,0.9596685058478795,0.6004566343420868,0.2418863738149476,0.7692085697119185,0.7569306145490757,0.9063606103227029,0.9495216256358765,0.8984137547511671
341,0.16057713468400703,0.0856665159862835,0.6422813634554563,0.28763381677787825,0.023973804321584247,0.9940068022556368,0.14585987267288214,0.3801981726308392
342,0.42621126425357203,0.12169770722130957,0.6555910236241472,0.373833322495532,0.8750480898516864,0.8562563457178695,0.47799275554287224,0.9741685864934388
343,0.46217627058258315,0.5886499219405782,0.6977346201784461,0.8009838182350347,0.8824576762554477,0.13824901310390003,0.9023648616608902,0.03128661279407918
344,0.6716575830172231,0.014567779987345708,0.2917063678564519,0.447781928200237,0.4207844463907545,0.22155825030799992,0.8652591897869498,0.170613028319327
345,0.0002543577169169531,0.5910297977717862,0.3335697893869045,0.10733975942707019,0.6697231991482607,0.5070950884397369,0.5139279462911011,0.5398979198584558
346,0.5776173141477784,0.48709886085529586,0.6507033728436497,0.8824312917563535,0.8508673288051641,0.5519007483557496,0.25638384007136283,0.7369430999033229
347,0.39208298396824837,0.3689559628640243,0.762510406650085,0.21164988583137823,0.16581007422524685,0.4693174286434413,0.7743216729172675,0.4986666294510883
348,0.49785542179298703,0.5360857276301972,0.4826569775655739,0.1693170773644822,0.14508009861690396,0.8030361890508313,0.7823242510911128,0.8513448418118876
349,0.3792911590173751,0.005912682802502123,0.19586855679150716,0.5084159329510834,0.4952199317578002,0.840922666344482,0.8761081819061369,0.6124066400716134
350,0.8951223436519394,0.9588799724263121,0.8949735574853264,0.43152736933042357,0.020706872203719473,0.29580529902474606,0.8339684058996276,0.8539963198635026
351,0.440282377798366,0.35619132383375907,0.9911403644179687,0.15405245975060455,0.9534276386578553,0.8160150002023588,0.7334113895404677,0.8405420004208365
352,0.360338985826654,0.6591148759203512,0.7392426546833603,0.4426152444268072,0.10104265926933609,0.8397493999205077,0.32368883684342786,0.04046006202515218
353,0.0967197494444344,0.662807679964439,0.9512230808547966,0.0542799262711684,0.8362213774738811,0.3865002687636854,0.5516787593444977,0.1115898629198605
354,0.624794023103108,0.3566292109675173,0.06756621278999009,0.01545963876133094,0.17303436868363142,0.09768918221151845,0.9380146599217888,0.2597147431303599
355,0.5804159742475499,0.6935147590386632,0.13287447422054133,0.8046626315825637,0.5368240315220093,0.945713944967126,0.1774090688994795,0.06779739817308605
356,0.4264962194127825,0.042018190031296365,0.11093457816164376,0.5010768623183597,0.40431442335029066,0.8365912926627057,0.45628439189156655,0.5811597740549344
357,0.6987267987121694,0.5595495592558323,0.42964480468409383,0.9883139559163421,0.2983587333435218,0.38461117209895546,0.6321678329207705,0.6803854864133934
358,0.6156377189156752,0.6624955916836304,0.8460506167813784,0.40825762027314294,0.42108609934105456,0.5476227245222701,0.29708301767189105,0.20777229537413966
359,0.691760962563014,0.5958304771101113,0.030125085789181938,0.6509640475548741,0.04779325854912764,0.129198514860569,0.017699132471611145,0.780242113831325
360,0.161665343396177,0.5692248162634074,0.7544475622857395,0.6491547598917099,0.6520843091573918,0.019496019072922866,0.49248705809556803,0.43279840574646233
361,0.526241969294247,0.8262112451970037,0.5375317996736911,0.9522934603805272,0.07466533682941079,0.9700332841686039,0.9848075570073485,0.6537753409495469
362,0.9323981889701449,0.974351021458599,0.4910676179562895,0.47430992519926063,0.30036782571968434,0.8296570374982495,0.40039369410948455,0.17725442908555067
363,0.08030023403166298,0.5590041329919483,0.5141625996600103,0.15057445895294608,0.4911044495958471,0.16992103794276636,0.10510668518927202,0.06425569096836914
364,0.49903084093419625,0.06549929512446373,0.6042991899130696,0.7116214317773734,0.751972717987971,0.4467949885608411,0.13367287368828384,0.6536960622756316
365,0.6886848887783801,0.07375967311875431,0.8904904620295322,0.08171000944644413,0.7250872097299597,0.9242321138386023,0.4569875990053227,0.08389491732708065
366,0.43157021161474585,0.19236229634189916,0.5141635836676053,0.1644909648239341,0.6653132235357612,0.876850347251728,0.553018320923928,0.36647034344232243
367,0.9593760458741915,0.13465893269351037,0.2706326309774397,0.37101383255368725,0.04558610269681873,0.6980556087586838,0.1684079688250939,0.3966671448157296
368,0.9864481444187782,0.1476139145248625,0.24130715905481803,0.6442430506341084,0.15610119643136988,0.9105023613590045,0.2026209342043087,0.5919905084755628
369,0.6801034996299111,0.903968671636223,0.07006542474610267,0.5287919934824533,0.17878741161514755,0.5544740902308259,0.545329025661165,0.4849918487832293
370,0.8615943330394475,0.18031968697954004,0.5299978271423285,0.14296574220198022,0.9507124684974463,0.0735417448821939,0.8146631067592089,0.6642220257964352
371,0.5765110604533267,0.46292953993469443,0.23250455104393342,0.6686092718754353,0.0888108262619357,0.6480653541486481,0.9521944141592534,0.6519372615686951
372,0.5503884917913376,0.6874524334127882,0.16575952774748504,0.9594664923775041,0.18292297608029684,0.11207029805404489,0.6963260932085602,0.1772996892575721
373,0.310913355593891,0.7167938483516629,0.3037145968055792,0.5128399123589998,0.05652122450712138,0.32595851044776936,0.3875699390263827,0.9520454299495849
374,0.760066275028619,0.7716782836467206,0.49845552469021437,0.9193204424596219,0.6153405378508371,0.8250652936872198,0.5529933011064533,0.6412238247129393
375,0.5597149202368503,0.29057688162285045,0.509034399889388,0.2072242881051516,0.07498617162259524,0.7477491244099953,0.8413589563425572,0.9523432915186435
376,0.746324695348417,0.849544792555896,0.7363655484928145,0.22759336273754405,0.9140263350497047,0.9112983515936197,0.8867500684759533,0.5126726698254214
377,0.39176947079562774,0.9392606270833557,0.7901976899754777,0.20493042132638595,0.7822697798242646,0.5992755889939393,0.06244566574312582,0.6230714022054873
378,0.4659403375321989,0.7929586712994173,0.9713398432665471,0.8395081158275163,0.6010467932981297,0.7992237384808853,0.38460315312248516,0.486333758843875
379,0.7920179182775201,0.3425876163908549,0.13742441557212237,0.40375178727846095,0.07721121540986886,0.6770029408813876,0.7534171155163636,0.4710544014687579
380,0.3559393278821864,0.1301841038276943,0.33341952508809214,0.585218537162225,0.0061638331307879435,0.5248951086200342,0.007358212883346926,0.1088879747573861
381,0.9407496674875501,0.20770787761822795,0.7404889612001402,0.9297850163042769,0.3829994319703889,0.5268287512291435,0.16907997256924123,0.13731201108197566
382,0.2655162446216376,0.7073755061655184,0.2074897316255181,0.9129750483273644,0.6047733751797139,0.9581552966065885,0.20588385893659644,0.4892401548199753
383,0.40008343845576866,0.0956548165370632,0.6323495962565755,0.28654939084060527,0.39725527698932606,0.9375366486535422,0.3829075144229849,0.8308968276434973
384,0.27581210220241625,0.8414517405344083,0.15802738904549962,0.2991536458496601,0.1540111440534112,0.3291074283594617,0.44039636582090835,0.9063799987323217
385,0.6125426671358802,0.46276612373718407,0.21574394143554232,0.26713815701879595,0.36580432417749453,0.2567595798880089,0.8762380867418096,0.3594846490002833
386,0.10107062239531328,0.8454937701626468,0.9258778174271894,0.5140278886202853,0.8844574280719532,0.29169632993468353,0.7316858627758758,0.4468534997335005
387,0.7424979603476034,0.3003805502061845,0.8107222421440786,0.4496844647119954,0.9869823205827483,0.2823453494113287,0.30927158211649974,0.07591925673694588
388,0.016838924289869106,0.7969895903784359,0.03820293114131279,0.6113347770094099,0.36410054723457597,0.5701423082518261,0.5649619356175071,0.13470710971207167
389,0.03821485731954022,0.9052502500001447,0.1337926190665908,0.4706563163221349,0.24236148218961306,0.689231301967846,0.49553811638947554,0.942111205958839
390,0.6587975605380391,0.3015519440058988,0.6002034540155048,0.09956757230037327,0.0005712353017622851,0.876526050658474,0.9694660880455136,0.6925144529054468
391,0.04192784709216535,0.657684559516422,0.5180713211057736,0.1477117475716644,0.7337383589625037,0.7563482130040011,0.49374849356142114,0.8676355026808306
392,0.6747562618793587,0.5109635374389963,0.29044781162821454,0.01928807793223164,0.851353370526928,0.8268012039438245,0.9761757642948735,0.09485822377944397
393,0.6632498945691856,0.6848112344844922,0.5785010372867154,0.08582718873533846,0.7306176127714878,0.7301345652619795,0.3644185590215393,0.23222007353134178
394,0.06956332957519462,0.607267470007443,0.08649406973803431,0.18336128084301628,0.4467873311275926,0.5799268637888656,0.7858385001777132,0.3974134022366216
395,0.6115621224628104,0.2216522872981821,0.8894604907202655,0.2863957618005074,0.609747146896148,0.082913202563895,0.39418288903395804,0.39419958839382785
396,0.9761459687673971,0.7178028899046169,0.8049497843351069,0.15885603275114946,0.14031149943180787,0.8394530919120498,0.3551733409134662,0.24893577471385864
397,0.30128693609176216,0.0734804947991402,0.37920409883395123,0.6510144992695669,0.7553830170051445,0.6545433911084514,0.2526155480386083,0.7514094034212564
398,0.8128012562902209,0.7673592497223714,0.9371478479053819,0.14530277604641073,0.40994965243629633,0.5412718832751816,0.5720665143024787,0.00758127067769554
399,0.6959527775421182,0.23019186838033368,0.5233009314529865,0.1998432184775022,0.2479909667398933,0.06947559025395567,0.8798821942488407,0.024790793120353483
400,0.9780019667067906,0.8948218397675414,0.12420026579901555,0.829535444432842,0.3022972185213071,0.30129560834641056,0.6029179195352047,0.11558917546440672
401,0.7173413026238109,0.519378715919264,0.037500301682302895,0.8548887947963699,0.3366084464545692,0.7123493451612278,0.6659414553987221,0.17626934255729476
402,0.5474400434539127,0.6272042637516203,0.08814171007930172,0.6327282249056632,0.5479901852533905,0.2928613130586768,0.21758651363471782,0.29587893283130073
403,0.5534423610397614,0.7227288693893361,0.5607197928303107,0.06796908588634543,0.36457654130893913,0.7358583374980856,0.25197013989425043,0.43525288932332795
404,0.36955097238823986,0.5789424791595958,0.3155824120669273,0.22345927001917976,0.712797223612626,0.6801389775280416,0.6457693894193357,0.644566214833174
405,0.29649017428262103,0.35128311716692606,0.8171898994526392,0.6760413215010715,0.8323973887991599,0.05198946708072383,0.07844845333081452,0.793827973052004
406,0.8103382087151644,0.48759448353137735,0.5917299987332972,0.004484093309385262,0.47326234266206635,0.6393411412008111,0.8450019087932366,0.03229225844373507
407,0.730515626376795,0.8876392791537213,0.7708921555825846,0.16774773934199894,0.3786157533976977,0.6717057253542675,0.4643621974761538,0.7765361885875377
408,0.8889685141475823,0.6955486997441029,0.8390860776574306,0.4897736020367217,0.45617106302936516,0.4194053109990731,0.30042537445103945,0.962106970604479
409,0.7189266073943558,0.15847545073586367,0.9145844017318392,0.08213486365551215,0.5885651165663955,0.9408727087007147,0.3273089840178218,0.43858761603768226
410,0.8591382221510794,0.23415860368076424,0.35951016152145765,0.30595871314013734,0.020262267415952384,0.2939838688158234,0.9053120019734003,0.5345671261078312
411,0.011083587347694102,0.12859033777804252,0.5861820606091912,0.9956329993520836,0.5659083075650487,0.43839940722417503,0.48203318871126144,0.20555570680663815
412,0.7335551340047779,0.28224726641819486,0.9182039006417898,0.1340689036324294,0.29906488068746884,0.8195171375875281,0.863724852600193,0.5432367949969155
413,0.9647595236480621,0.01402425694662035,0.638787355140695,0.5857235086597815,0.7155304644255147,0.5028585418869539,0.7913227096563435,0.6905869330630366
414,0.4857772257400088,0.40758974133559955,0.3057076907791473,0.7448984589133141,0.7991413333271495,0.09811241333389698,0.02513569796617343,0.8213640457765856
415,0.3786025234440188,0.8100711171803501,0.7472976018266736,0.9015682839311415,0.9086936321652866,0.4670777294600593,0.1445896987716181,0.6653419523816496
416,0.9472484579745851,0.533923149776057,0.8556769035668962,0.6394941127171802,0.30951015246256164,0.4995730777104044,0.43495322876434306,0.8549319785944768
417,0.19106994520701526,0.5353927371344723,0.7984670947889064,0.4404677555099872,0.9693460767966036,0.21661201683317843,0.19010512798087942,0.8194110232510315
418,0.39890900162359133,0.49323724194772767,0.9726378025226062,0.9806322115781911,0.03930338059399707,0.5695701383469264,0.08779207982438164,0.8435351224154913
419,0.8296944017048745,0.7976958634023621,0.2493939884095422,0.06404928314898528,0.8422399243439229,0.022899234337971475,0.43208429344694255,0.923557943674873
420,0.28098005175838003,0.8770455781079848,0.5379711916535097,0.09673268612293251,0.2972267055826925,0.6478775378889655,0.4827616985630755,0.5085569008947638
421,0.480865229074782,0.6284539399075161,0.8398182901549616,0.4649237176688089,0.8525049827113775,0.9154126014952112,0.8207277921793137,0.532039243497922
422,0.3643006774573372,0.3758371316854623,0.9155390093283732,0.5981709677743059,0.06931392518196433,0.06935671610354155,0.9956805140689177,0.5781739318837877
423,0.9756271330188596,0.8352738660789534,0.9593539615391847,0.036127051314016057,0.29580094192029005,0.8378614234018108,0.16991562162435736,0.6447299014740636
424,0.9571957595947769,0.16184807033488868,0.8791994494068625,0.47432104283084053,0.29920290124026294,0.1181420242393384,0.47786371427910634,0.468961656607935
425,0.2667071587288593,0.5722151973769535,0.38513411945199183,0.7677673795517105,0.042638417555926345,0.38715644834336993,0.23501963243768675,0.30634667075333666
426,0.17345771387165387,0.8658602308610743,0.5088093390471078,0.3646794100876717,0.9061054802488555,0.613406807518895,0.5091107390673135,0.5397799096566895
427,0.020635624797018526,0.02794382549749974,0.5061499306019391,0.3783632283253039,0.021747217020867127,0.22876421293751714,0.8433476040369513,0.7080017526639981
428,0.5514341708699055,0.801190952367347,0.8622119019679104,0.6260689320843267,0.6753715812176584,0.0002704789065114399,0.87525647089516,0.9324299403731484
429,0.25710212151817513,0.6253979750980112,0.14678436250524696,0.6399615140895769,0.7050641836123226,0.050963770624660065,0.9435596305910298,0.9785060550848081
430,0.7135985203666139,0.20681769966799146,0.12528160213478357,0.8028406740549319,0.9244624278362132,0.2861583710085832,0.6468166503916337,0.1123440654279595
431,0.8899643412814734,0.47641713519246365,0.6078610941307325,0.644860358487322,0.9862012977942979,0.7133431329232148,0.017818072724657852,0.6954519754896439
432,0.6055065557273267,0.9827293050511577,0.858128628121832,0.08042577038936016,0.13119478729049583,0.4403521902911406,0.379624227997731,0.8102175386874862
433,0.39592238289098736,0.7588797881608338,0.8296864242932668,0.035275314127891866,0.25732654015976175,0.4090929593849836,0.02119297320717506,0.25603846727259516
434,0.20936735118895777,0.2668492947437282,0.1043141233973135,0.7295762112197032,0.9257603643293526,0.9789596546969049,0.9660456704182575,0.9497814541574129
435,0.9472837977335238,0.807217278479901,0.8297945007851008,0.030116564593856143,0.8766436526768903,0.11179608110828854,0.57399130214382,0.9653981073287138
436,0.43268216379108193,0.8917372283017729,0.653158638897025,0.5927994775974608,0.9380787029872745,0.9029911708503603,0.3942813908537157,0.3082344500896981
437,0.4589980636343426,0.302862757434037,0.6147616269936742,0.16900502861555433,0.05193025303643384,0.4801321642891676,0.9803124314877607,0.8963671254721992
438,0.06284338799209221,0.7484996885504003,0.3831791332862273,0.19961106799376527,0.7124492525177355,0.06234292551428289,0.7311264126408983,0.8180952436027472
439,0.7486698588408806,0.6791684326415723,0.11829205186969682,0.19903700884862086,0.44754045782798935,0.20717823768917443,0.31186794883051594,0.5734203820416265
440,0.02057126779721552,0.008417152253371585,0.6003946745403831,0.1588991291053964,0.31527060981529276,0.5561467481474802,0.36553050277341936,0.598851354316285
441,0.7002849253877155,0.28610160175778365,0.29251443891117435,0.10482577005362448,0.5960746207277402,0.3007259710541089,0.27859255431245655,0.2881353901725512
442,0.6860643069117254,0.3040777274755522,0.8115789050921289,0.3156386276954848,0.6832793949490905,0.27156458156877594,0.8288579815448602,0.30441472245147094
443,0.7309452587078773,0.6084350501167399,0.8307738773056178,0.5663564137013418,0.2072283227297259,0.8325259408659327,0.3425220029813989,0.32394425758239587
444,0.456700311460678,0.4843183078030132,0.6908462576011983,0.4227386942311625,0.26388978144805386,0.3250452307265066,0.25377383820116184,0.9428462672077371
445,0.0694292433586502,0.2764552343115748,0.29339760495742007,0.8843303672268827,0.7890053691761199,0.18759547153432776,0.11092938642578665,0.20368273570659945
446,0.520173763974818,0.8426677829115405,0.23655726627840523,0.7210583476883146,0.24739819277255382,0.4692993296262482,0.054907763942457,0.6839849295472962
447,0.6081316485209644,0.3383284117383557,0.8526586340303536,0.48499133910549996,0.8596996007406005,0.4941402379906259,0.2916565871745719,0.48747629715069385
448,0.9512500009823935,0.7859551007196579,0.6570639536935065,0.9367495820639253,0.8920928850236496,0.3340021203520682,0.8730166340217477,0.14560889036301905
449,0.45123362093018204,0.5311120962738349,0.5680829859692703,0.16485893113313166,0.4331213295056483,0.9426119713114322,0.5013285621742004,0.6353047568275798
450,0.315352472271756,0.2120678684342837,0.5784073650892169,0.6821274709628486,0.7839282320807648,0.1575235195835315,0.9183391948169746,0.24240952753808376
451,0.9317171352325413,0.0426303160783178,0.05011394873854036,0.37409019190868886,0.529599407390924,0.48338211917935603,0.9072637897385509,0.04276623152699299
452,0.7654520662819506,0.2915302941485234,0.19325703680754835,0.7869743010871413,0.7508091584268204,0.33296151087462345,0.5320226594358815,0.9941357726114615
453,0.8494334072424891,0.46964762487828937,0.2356566921445722,0.4978364516429724,0.01621402959430107,0.5396057356807074,0.1778812504619306,0.06554834831884226
454,0.9573476241334372,0.5603616892240662,0.7511276832628812,0.8432759735287463,0.4444238969128177,0.6006670003836134,0.7622942610206381,0.049773573962789475
455,0.9340386566357082,0.6236124074859848,0.6306091505765353,0.0010504388887370153,0.16013114411932783,0.02291037481500624,0.44216247048077806,0.0035253569803203044
456,0.5385499142543954,0.8028163162731192,0.5363199065503657,0.9686930583024194,0.6538349991612866,0.4051141727537465,0.033774929737830695,0.9864693245753902
457,0.06736524258025711,0.08070744471847824,0.5922073334609104,0.8545879198113663,0.524503484216131,0.6100064313530418,0.4969360987926209,0.06216995110111656
458,0.7854599428464892,0.6059568863719542,0.636957904558398,0.2135995537141725,0.37781396925027577,0.2737607300396059,0.6877857869191114,0.12136263031978234
459,0.5913621473114226,0.07396120696591135,0.9780102475627036,0.9081140002865747,0.6145106440826338,0.6818044937563416,0.869081645460508,0.3931609104142325
460,0.9964223132875305,0.8740324337589532,0.697042321269068,0.44822747543527064,0.6691755708084961,0.6130967954724797,0.8119254192432264,0.9904898789918767
461,0.9210157198932667,0.5291725285535108,0.3904242098527707,0.5705285298475464,0.08627424628368596,0.7556816697444865,0.4461468529872259,0.607679909500371
462,0.7898923690759215,0.6381687313666448,0.001121298849827923,0.32576922417394627,0.6724639949915493,0.15977354264968546,0.49703648681974544,0.8749787429271488
463,0.9412943483195239,0.5139834036707263,0.9076827171591705,0.2706312321735558,0.7048906973930982,0.771251520857914,0.14929501893409303,0.4552861897008653
464,0.8848002844728745,0.8446700308637527,0.11899784390195511,0.4261537676489725,0.2304182078403535,0.14215845151833395,0.5080577233072314,0.6784209289388258
465,0.6402778665385064,0.49647077950139074,0.09949658098671033,0.012565795751443565,0.7959084031673322,0.3421237370766367,0.5332342452617626,0.6424768773906845
466,0.49327581445607116,0.13287841210764118,0.6257494705911346,0.02822453016563875,0.9765550121785758,0.9623373233174126,0.263736178372064,0.5044761207689473
467,0.19459826774218658,0.4310399957843938,0.8600357713930064,0.14526254687440743,0.3173794482325323,0.4237143288464893,0.8542551293755957,0.8296793683697035
468,0.12297216120224419,0.37914578341801597,0.42911606500168264,0.6015518057667067,0.5203109614993262,0.3134459869887769,0.05592699106823562,0.07837923362886612
469,0.4068263525483842,0.47114930553265644,0.8625692644730429,0.8633738996844204,0.60152906601898,0.43807803955100855,0.047208165114221434,0.47531693398760455
470,0.4345563862836427,0.3561882796039757,0.35067627430790915,0.7123705744183031,0.753954424298543,0.7526796349406747,0.27940553666176415,0.10339936232885771
471,0.9427873335098564,0.128402904923672,0.4003866648531794,0.18225738197137908,0.7912812624797736,0.7377693209995387,0.5471434059738857,0.41340282993072797
472,0.6150556467853542,0.42619489119935616,0.53338724530059,0.23008335046490813,0.27015407528535473,0.5503873497919913,0.4027786009260079,0.6510572197464414
473,0.18847907359246008,0.24254522318741556,0.9336208668296843,0.2613309116024314,0.6988032926950808,0.08534376095569407,0.8106025101066267,0.9865551027232554
474,0.4466542768522832,0.31069230663981917,0.8835835469076351,0.7203069223697013,0.13222393988799708,0.9642006580563158,0.5337159088126474,0.6554908903929176
475,0.25914220076978267,0.4444325537367415,0.05292027648621278,0.15877536565945494,0.7835129613755468,0.22043065058943845,0.005648606355250108,0.47732632091957916
476,0.7206071843012458,0.024973455081144014,0.835985730631062,0.295942990413549,0.4359400396789308,0.7051955135180823,0.048402779921227435,0.6943289699797671
477,0.21760730544521567,0.48966821307260944,0.47274314092086234,0.5424978063931707,0.8377557736618516,0.3638185749409212,0.5471987137674376,0.5714296672535153
478,0.3304279901651064,0.47914179215948927,0.6401533868273188,0.6104167930137034,0.8602908545040147,0.3741584629427631,0.7788341854073662,0.5030659184074739
479,0.9325192587991832,0.7234416708855039,0.5337413626952162,0.2572177820928835,0.07721590140998735,0.3640104229063543,0.9979639515909813,0.035307158357614554
480,0.16560330710676152,0.5597450794657335,0.4848925831277585,0.2509021266118009,0.39882765039191315,0.7273256941940122,0.13549387976859395,0.8885554605528623
481,0.5820723480465595,0.40749025652673654,0.9668071415587923,0.6804735344064722,0.03924290245318285,0.6755920292986248,0.594890389444047,0.9517259137027131
482,0.15372534868696486,0.8584874643917699,0.299406271646099,0.7854624386425723,0.48928835812724725,0.744197404908636,0.5243184186650617,0.22845840139813978
483,0.1882913926578531,0.49308524185864755,0.7732823835143481,0.29277034255949086,0.44819952652722217,0.13237591688832073,0.6574780223833471,0.6363100537333498
484,0.7648002445424079,0.5499622507976587,0.7231151755278485,0.5798655466589088,0.19775503849021459,0.54938982892207,0.9879202514009476,0.4805807149722324
485,0.19776241732484656,0.4693633524737437,0.6707148670460575,0.9807174497145463,0.22284745551357188,0.27501396681980017,0.2461390416400746,0.5720448220472361
486,0.3199861377277995,0.5603113179118163,0.7663116541008642,0.3410892663084102,0.0873191266574983,0.5971578339665903,0.9427255497757455,0.29828428008021823
487,0.2594834965778485,0.6132507174318319,0.1175721566668777,0.8723725605872207,0.3642746899082734,0.3272465006827229,0.5882137606294421,0.6456039908596182
488,0.7875498418419749,0.19161529957412027,0.19351498953631052,0.10782290659534632,0.5582833925266765,0.3316652902731506,0.5610831885541119,0.522240798256217
489,0.8106038118580684,0.748338455645623,0.19426343414458547,0.7001449201399349,0.7968023472666453,0.6184502661119586,0.09921043703496368,0.004128705852083248
490,0.685197077030229,0.9537979572845507,0.8596180355194352,0.3414219544638335,0.2712902739528562,0.12903197454682946,0.627492596932932,0.882363288059254
491,0.41554495781216616,0.9388133603941036,0.7624242436685142,0.0424466430003263,0.9307743985423949,0.13150512450385055,0.7936435839050481,0.29280810564632065
492,0.04478737381921838,0.21706826627121856,0.016569008441564836,0.317932622886938,0.5265946629423057,0.12295046871534676,0.4125690120455351,0.7295160429907914
493,0.5374560517791293,0.03046927128160104,0.4104891796192961,0.9016204573667643,0.31163266342611873,0.7412738296725505,0.7200717713581499,0.09471757692032845
494,0.249086442897263,0.4717196258648849,0.565508800545517,0.017400522082904657,0.4612319940745504,0.9291279466465244,0.7113294258925893,0.3801857835821315
495,0.30092659855543624,0.01724238848049031,0.7975926973659958,0.8671201343439109,0.19998568932366367,0.38432326556593965,0.37572155367065807,0.11118553257817454
496,0.04506301068252794,0.3605384282287175,0.46623312559042895,0.5399834144659157,0.5321248582611569,0.15540687723510394,0.30070511193925276,0.9707677822375269
497,0.7393719241177455,0.8198133395043001,0.9942853708907736,0.02727622186864842,0.21694336613766596,0.914139688064395,0.4368382676911232,0.14998978166001964
498,0.053763005590466206,0.1810039687477497,0.8391709830328292,0.40248158405683065,0.33746204052925355,0.15861333684543466,0.0032194526953588376,0.11690137518266652
499,0.00677028248484024,0.1374331581486835,0.9756015422925636,0.5958137222248869,0.5845435241244165,0.7128312648446993,0.79167488591866,0.3705586191014706
